{"type": "FeatureCollection", "name": "Abidjan", "features": [{"type": "Feature", "properties": {"nom": "Abidjan", "name": "Abidjan", "NomDistric": "ABIDJAN", "CodDistric": "01", "Type": "District"}, "geometry": {"type": "MultiPolygon", "coordinates": [[[[-3.954067045999977, 5.247664637000071], [-3.954199416999927, 5.24767840100003], [-3.954241269999955, 5.247716743000069], [-3.954359677999946, 5.247709579000059], [-3.954387610999959, 5.247754926000027], [-3.954422449999925, 5.247761856000068], [-3.95444329399993, 5.24772690900005], [-3.954478107999932, 5.247716381000032], [-3.954537358999971, 5.247744223000041], [-3.95462095399995, 5.247747587000049], [-3.954995474999976, 5.247818590000065], [-3.955591437999942, 5.248072557000057], [-3.955710015999955, 5.248177120000037], [-3.956135269999947, 5.248399925000058], [-3.956295514999965, 5.248420628000076], [-3.956330434999927, 5.24847993000003], [-3.956454085999951, 5.248484978000022], [-3.956471526999962, 5.248502409000025], [-3.956583149999972, 5.24861396600005], [-3.956841414999928, 5.248692417000029], [-3.957029168999952, 5.248749450000048], [-3.957592695999949, 5.249084916000072], [-3.959073754999963, 5.249966588000063], [-3.959174811999958, 5.250001348000069], [-3.959300255999949, 5.250039561000051], [-3.959450148999963, 5.250123127000052], [-3.959622581999952, 5.250142065000034], [-3.959995508999953, 5.250309083000047], [-3.96035829799996, 5.250471015000073], [-3.961016700999949, 5.250764896000021], [-3.96104457499996, 5.250771836000069], [-3.961100311999928, 5.25077873400005], [-3.961117758999933, 5.250799656000027], [-3.961159617999954, 5.250841489000038], [-3.96117013099996, 5.250883370000054], [-3.961215435999975, 5.250900758000057], [-3.961235457999976, 5.250901670000076], [-3.961273356999925, 5.250861179000026], [-3.961316896999961, 5.250859294000065], [-3.961355096999966, 5.25085763900006], [-3.961460803999955, 5.250936008000053], [-3.96148132999997, 5.250994022000043], [-3.961454148999962, 5.251038451000056], [-3.961532513999941, 5.251055403000066], [-3.961553007999953, 5.251092930000027], [-3.96159051099994, 5.251116773000035], [-3.961614327999939, 5.251099664000037], [-3.961638101999938, 5.251055240000028], [-3.961723194999934, 5.251017550000029], [-3.961791305999952, 5.25101061700002], [-3.961811778999959, 5.251034486000037], [-3.961818773999937, 5.251153980000026], [-3.961866500999975, 5.251181222000071], [-3.961914195999952, 5.251187978000075], [-3.961965238999937, 5.251157169000066], [-3.962019698999939, 5.251133184000025], [-3.962098074999972, 5.251156964000074], [-3.962135635999971, 5.251218366000046], [-3.962145926999938, 5.251266152000028], [-3.962176623999937, 5.251293420000025], [-3.962231119999956, 5.25129333600006], [-3.962309411999968, 5.25126248600003], [-3.962387750999937, 5.251262365000059], [-3.96242185899996, 5.251293042000043], [-3.962438956999961, 5.251337404000026], [-3.962459440999964, 5.251368102000072], [-3.962517374999948, 5.251388499000029], [-3.962616141999945, 5.251383225000041], [-3.962660509999978, 5.251441202000024], [-3.962735437999925, 5.251437672000066], [-3.962772961999974, 5.251475173000074], [-3.962830864999944, 5.251475084000049], [-3.962956955999971, 5.251519277000057], [-3.963045497999929, 5.251508897000065], [-3.963123847999952, 5.251515605000066], [-3.963147726999978, 5.251539469000022], [-3.963280624999925, 5.251580237000042], [-3.96342027299994, 5.251580022000041], [-3.963498627999968, 5.251590144000033], [-3.963580435999972, 5.25163099100007], [-3.963658774999942, 5.251630870000042], [-3.96378488299996, 5.25168530600007], [-3.963818974999981, 5.251705740000034], [-3.963842874999955, 5.251743262000048], [-3.963992834999942, 5.25180449000004], [-3.964057591999961, 5.251831705000029], [-3.964142721999963, 5.25181791600005], [-3.964190401999929, 5.251814428000046], [-3.964248330999965, 5.251831411000069], [-3.96428919799996, 5.251827933000072], [-3.964388046999943, 5.251875583000071], [-3.964394994999964, 5.251964347000069], [-3.964405270999976, 5.252001890000031], [-3.964524492999942, 5.252008534000026], [-3.964551778999976, 5.252032393000036], [-3.964585964999969, 5.252114286000051], [-3.964763105999964, 5.25213108500003], [-3.964810826999951, 5.252154912000037], [-3.964831323999931, 5.252194146000022], [-3.964831407999952, 5.252248777000034], [-3.964981320999925, 5.252279275000035], [-3.965001809999933, 5.252313388000061], [-3.96502232499995, 5.252364572000033], [-3.965237079999952, 5.252476916000035], [-3.965260984999929, 5.25251785200004], [-3.965414388999932, 5.252602976000048], [-3.965496154999926, 5.252616507000027], [-3.965537048999977, 5.252630101000022], [-3.965639318999933, 5.252687988000048], [-3.965680265999936, 5.252735727000072], [-3.96583703899995, 5.252796944000067], [-3.96595290199997, 5.252834323000059], [-3.966037458999949, 5.252869860000033], [-3.966147172999968, 5.252915969000071], [-3.96633800099994, 5.252973719000067], [-3.966443677999962, 5.253031600000043], [-3.966603857999928, 5.253092812000034], [-3.966832215999943, 5.25319147600004], [-3.966965151999943, 5.253256144000034], [-3.967101477999961, 5.25331056400006], [-3.96732635099994, 5.253358017000039], [-3.967469594999955, 5.253480714000034], [-3.967476628999975, 5.253515689000039], [-3.967511787999968, 5.253545805000044], [-3.967606503999946, 5.253570714000034], [-3.967629559999978, 5.253576778000024], [-3.967796860999954, 5.253620776000048], [-3.967860221999956, 5.253637439000045], [-3.967974469999945, 5.253642849000073], [-3.968194680999943, 5.253701164000063], [-3.968384164999975, 5.253709249000053], [-3.968420399999957, 5.253717573000074], [-3.968621140999971, 5.253798263000022], [-3.968807846999937, 5.253811939000059], [-3.968846898999971, 5.253839811000034], [-3.968874826999979, 5.253881665000051], [-3.969009966999977, 5.253882852000061], [-3.969040624999934, 5.253888390000043], [-3.969166117999976, 5.253958025000031], [-3.969219044999932, 5.253949563000049], [-3.969235775999948, 5.253957917000037], [-3.969277600999931, 5.253977404000068], [-3.969336109999972, 5.253974520000043], [-3.969389084999932, 5.253996783000048], [-3.969500585999981, 5.254027335000046], [-3.969586901999946, 5.253988096000057], [-3.96960919199995, 5.253988062000076], [-3.969709543999954, 5.254015838000043], [-3.969776402999969, 5.254007354000066], [-3.969893510999952, 5.254060243000026], [-3.969938070999945, 5.254046207000044], [-3.969996591999973, 5.254051703000073], [-3.970085827999981, 5.254099048000057], [-3.970124789999943, 5.254068263000022], [-3.970230708999964, 5.254093237000063], [-3.970280892999938, 5.254112711000062], [-3.970342183999946, 5.254107029000068], [-3.970375667999974, 5.254137702000037], [-3.970414177999942, 5.254127630000028], [-3.970450867999944, 5.254118033000054], [-3.97057074099996, 5.254156951000027], [-3.970636856999931, 5.254140936000056], [-3.970643705999976, 5.254142113000057], [-3.970697547999976, 5.254174909000028], [-3.970742639999969, 5.25417894800006], [-3.970973433999973, 5.254199619000076], [-3.97121035899994, 5.254255114000046], [-3.971268875999954, 5.254257816000063], [-3.971475163999969, 5.254321738000044], [-3.971700925999926, 5.254366077000043], [-3.971739956999954, 5.254379982000046], [-3.971851409999942, 5.254379809000056], [-3.971900350999931, 5.25435813100006], [-3.971921020999957, 5.254348975000028], [-3.971953775999964, 5.254365858000028], [-3.97200746599998, 5.254393531000062], [-3.972082692999948, 5.254390621000027], [-3.97210499199997, 5.254396173000032], [-3.972166338999955, 5.254426802000069], [-3.972224817999972, 5.254404365000028], [-3.972244321999938, 5.254404335000061], [-3.972294501999954, 5.254421016000038], [-3.972325229999967, 5.254471245000047], [-3.972375383999974, 5.254471167000077], [-3.972422707999954, 5.25444316200003], [-3.97248818099996, 5.254438870000058], [-3.972532817999934, 5.254475111000033], [-3.972591373999933, 5.254502952000053], [-3.972630399999957, 5.254514064000034], [-3.972850066999968, 5.254604470000061], [-3.972880543999963, 5.254570287000035], [-3.97299127499997, 5.254542353000033], [-3.973658666999938, 5.254638968000052], [-3.973744072999978, 5.254651332000037], [-3.973831024999924, 5.254663920000041], [-3.974698202999946, 5.254789458000062], [-3.974731137999925, 5.254794226000058], [-3.974813203999929, 5.254806106000046], [-3.974879014999942, 5.254815633000021], [-3.975132514999927, 5.254815237000059], [-3.975144559999933, 5.254815612000073], [-3.975377248999962, 5.254852203000041], [-3.975398939999934, 5.254855363000047], [-3.976122680999936, 5.254960825000069], [-3.977262486999962, 5.255099236000035], [-3.977722258999961, 5.255137382000044], [-3.977757415999974, 5.255139520000057], [-3.977763302999961, 5.255139878000023], [-3.978016742999955, 5.25515529200004], [-3.978055997999945, 5.255157680000025], [-3.978721967999945, 5.255162152000025], [-3.97884309899996, 5.255162966000057], [-3.979061283999954, 5.255164431000026], [-3.97977702299994, 5.255075859000044], [-3.980320650999943, 5.254989164000051], [-3.980480262999947, 5.254963709000037], [-3.981060387999946, 5.254859482000029], [-3.981197323999936, 5.254834880000033], [-3.98148602599997, 5.254780326000059], [-3.982167693999941, 5.254651516000024], [-3.982517865999966, 5.25455518800004], [-3.982985626999948, 5.254390659000023], [-3.983395306999967, 5.254273416000046], [-3.984023763999971, 5.254155827000034], [-3.98429570299993, 5.254123231000051], [-3.984465034999971, 5.254102934000059], [-3.984516614999961, 5.25409675100002], [-3.98457058799994, 5.254078621000076], [-3.98460124199994, 5.254067392000024], [-3.984814150999966, 5.253989400000023], [-3.984863985999937, 5.253980993000027], [-3.985204665999959, 5.254013769000039], [-3.98535173199997, 5.254086005000033], [-3.985548329999972, 5.254182571000058], [-3.985814303999973, 5.254257106000068], [-3.986393169999928, 5.254303386000061], [-3.986710430999949, 5.254390903000058], [-3.986757299999965, 5.254386881000073], [-3.986824728999977, 5.254389015000072], [-3.987577919999978, 5.254412851000041], [-3.987668483999926, 5.254344537000065], [-3.987700204999953, 5.254335397000034], [-3.987809045999938, 5.254357949000052], [-3.988959316999967, 5.254311235000046], [-3.989020037999978, 5.254308769000033], [-3.989274959999932, 5.25429841600004], [-3.98967222899995, 5.254282282000077], [-3.990898554999944, 5.254278063000072], [-3.991397374999963, 5.254220190000069], [-3.991732579999962, 5.254181300000027], [-3.992065279999963, 5.254132540000057], [-3.992108779999967, 5.254126165000059], [-3.99243512399994, 5.254080200000033], [-3.993058492999978, 5.254081480000025], [-3.993702041999939, 5.254084673000023], [-3.993752134999966, 5.254084921000072], [-3.994151159999944, 5.254129732000024], [-3.994717703999925, 5.254033391000064], [-3.994844643999954, 5.25403318900004], [-3.995316075999938, 5.253996080000036], [-3.995522226999981, 5.253916219000075], [-3.995561153999972, 5.253894853000077], [-3.995621877999952, 5.253861523000069], [-3.99588022599994, 5.253820209000025], [-3.995969678999927, 5.253831593000029], [-3.996021432999953, 5.253838180000059], [-3.996197639999934, 5.253860605000057], [-3.996406110999942, 5.253814825000063], [-3.99706781499998, 5.25369106200003], [-3.99724094499993, 5.253648553000062], [-3.997403167999948, 5.253608721000035], [-3.997822414999973, 5.253483045000053], [-3.997939414999962, 5.253457490000073], [-3.998300602999961, 5.253344488000039], [-3.998533764999934, 5.253277424000032], [-3.99924068699994, 5.253080871000066], [-3.999811507999937, 5.25282545400006], [-4.00003557399998, 5.252734822000036], [-4.000364244999957, 5.252601879000053], [-4.000577139999962, 5.252487921000068], [-4.000803606999966, 5.252355762000036], [-4.001043637999942, 5.252200858000037], [-4.001330670999948, 5.252006289000064], [-4.001478130999942, 5.251906332000033], [-4.002196177999963, 5.251419596000062], [-4.002359181999964, 5.251292083000067], [-4.002389827999934, 5.25125715300004], [-4.00256282099997, 5.251059977000068], [-4.00263876899993, 5.250893159000043], [-4.002702706999969, 5.250948986000026], [-4.00242800999996, 5.246141486000056], [-4.002403472999958, 5.245712053000034], [-4.002542833999939, 5.24562843700005], [-4.002633820999961, 5.245621697000047], [-4.00350651499997, 5.245557053000027], [-4.003928892999966, 5.245419917000049], [-4.006254792999925, 5.244664755000031], [-4.006372856999974, 5.244450764000021], [-4.006533642999955, 5.244159338000031], [-4.00651045199993, 5.244101484000055], [-4.00651045199993, 5.244101436000051], [-4.006510284999933, 5.243996958000025], [-4.006528336999963, 5.243946936000043], [-4.006559976999938, 5.243887806000032], [-4.006559976999938, 5.243887758000028], [-4.006559838999976, 5.243801456000028], [-4.006578465999951, 5.243748276000076], [-4.006613991999927, 5.243646850000061], [-4.006677225999965, 5.243501316000049], [-4.006677236999963, 5.243501273000049], [-4.006687682999939, 5.243450248000045], [-4.006700971999976, 5.243385333000049], [-4.006704217999925, 5.243369478000034], [-4.006705130999933, 5.243367824000075], [-4.006705522999937, 5.243367113000033], [-4.006905992999975, 5.243003471000065], [-4.006946725999967, 5.242929583000034], [-4.006960650999929, 5.242904323000062], [-4.007045298999969, 5.242750777000026], [-4.007047763999935, 5.242746305000026], [-4.007106843999964, 5.242837105000035], [-4.007324508999943, 5.242873110000062], [-4.007415207999941, 5.242891143000065], [-4.007492356999933, 5.242941010000038], [-4.007569431999968, 5.242945431000066], [-4.007646515999966, 5.242954396000073], [-4.007719130999931, 5.243004270000029], [-4.007945847999963, 5.243031174000066], [-4.008086384999956, 5.243030948000069], [-4.008177076999971, 5.243044434000069], [-4.008231550999938, 5.243089793000024], [-4.008317744999943, 5.243126012000062], [-4.008694022999975, 5.243125405000058], [-4.00876885699995, 5.243145736000031], [-4.008873089999952, 5.243122844000027], [-4.009036323999965, 5.243140759000028], [-4.009158662999937, 5.243099660000041], [-4.009358126999928, 5.243094794000058], [-4.009525828999926, 5.243071800000052], [-4.009625519999929, 5.243044371000053], [-4.010373518999927, 5.243029529000069], [-4.010446112999944, 5.243065769000054], [-4.010550360999957, 5.243051966000053], [-4.01073168399995, 5.243042584000023], [-4.010808804999954, 5.243074272000058], [-4.010931250999931, 5.243101341000056], [-4.011015154999939, 5.243121657000074], [-4.011105727999961, 5.243062429000076], [-4.01119638299997, 5.243053194000026], [-4.011305192999941, 5.243057562000047], [-4.011355008999942, 5.243025670000065], [-4.01142747199998, 5.242980104000026], [-4.011531681999941, 5.242943580000031], [-4.011663123999938, 5.242925188000072], [-4.011758325999949, 5.242925034000052], [-4.011880714999961, 5.24291574700004], [-4.012084813999934, 5.242974497000034], [-4.012157284999944, 5.242933477000065], [-4.01226154699998, 5.242928764000055], [-4.012356814999976, 5.242969512000059], [-4.012551759999951, 5.242973741000071], [-4.012642401999926, 5.24295541500004], [-4.01271033699993, 5.242914405000022], [-4.012791968999977, 5.242932450000069], [-4.012837354999931, 5.242964190000066], [-4.012878153999964, 5.242964124000025], [-4.012941667999939, 5.242991289000031], [-4.013014238999972, 5.243013894000057], [-4.013113983999972, 5.243018279000069], [-4.01320461499995, 5.242995407000024], [-4.013356510999927, 5.243011068000044], [-4.013492448999955, 5.242969945000027], [-4.013596703999951, 5.242960688000039], [-4.013696490999962, 5.242992337000032], [-4.013914118999935, 5.243005620000076], [-4.014000202999966, 5.242973666000069], [-4.014104435999968, 5.242950774000064], [-4.014231343999938, 5.242932389000032], [-4.01446707599996, 5.242927463000058], [-4.014607664999971, 5.242959048000046], [-4.014698369999962, 5.242981624000038], [-4.01477988299996, 5.24292695500003], [-4.014829729999974, 5.242913241000053], [-4.014893226999959, 5.242931315000021], [-4.015011029999926, 5.242890224000064], [-4.015128929999946, 5.242908210000053], [-4.015192390999971, 5.242903562000038], [-4.015269472999933, 5.242912528000033], [-4.015305807999937, 5.242953369000077], [-4.015342111999928, 5.242976035000027], [-4.015364683999962, 5.242916917000059], [-4.015428093999958, 5.242880457000069], [-4.015482471999974, 5.242866735000064], [-4.015602715999933, 5.242932438000025], [-4.015643582999928, 5.242973272000029], [-4.01567980699997, 5.242945945000031], [-4.015738674999966, 5.242904948000046], [-4.01580667099995, 5.242900293000048], [-4.015892840999925, 5.242922876000023], [-4.016006192999953, 5.242931782000028], [-4.016087831999926, 5.242954373000032], [-4.016151395999941, 5.243013351000059], [-4.016237531999934, 5.243013211000061], [-4.016368986999964, 5.243003907000059], [-4.016523064999944, 5.242967299000043], [-4.016808591999961, 5.242916844000035], [-4.016899296999952, 5.242939419000038], [-4.016944704999958, 5.242984792000073], [-4.017021789999944, 5.242993755000043], [-4.017094286999964, 5.242970914000068], [-4.017185028999961, 5.243016215000068], [-4.017275623999979, 5.242970619000062], [-4.017397975999927, 5.242938608000031], [-4.017515844999934, 5.242938417000062], [-4.017638277999936, 5.242956397000057], [-4.017742598999973, 5.242988038000021], [-4.017905670999937, 5.242905970000038], [-4.018023458999949, 5.242855786000064], [-4.018091467999966, 5.242860220000068], [-4.018173062999949, 5.242855543000076], [-4.018241071999967, 5.242859976000034], [-4.01832720699997, 5.242859836000036], [-4.018432642999926, 5.242878980000057], [-4.018506337999952, 5.242895903000033], [-4.018551607999939, 5.242856063000033], [-4.018647980999958, 5.242878629000074], [-4.018784020999931, 5.242901130000064], [-4.01884064199993, 5.242872635000026], [-4.018908625999927, 5.242861163000043], [-4.01897665499996, 5.242878093000058], [-4.019050386999936, 5.242917739000063], [-4.019197687999963, 5.242894776000071], [-4.019424323999942, 5.242871684000022], [-4.019520676999946, 5.242882889000043], [-4.019622743999946, 5.242922487000044], [-4.019736007999938, 5.242876856000066], [-4.019781286999944, 5.242842698000061], [-4.019883289999939, 5.242842532000054], [-4.019894707999981, 5.242899274000024], [-4.019894714999964, 5.242899320000049], [-4.019962733999932, 5.242910571000039], [-4.019996696999954, 5.242887793000023], [-4.020053264999945, 5.242825212000071], [-4.020132664999949, 5.242864848000067], [-4.020223360999978, 5.242881743000055], [-4.020234630999937, 5.242841959000032], [-4.020308270999976, 5.242824796000036], [-4.020364938999933, 5.242824703000053], [-4.020461347999969, 5.242869992000067], [-4.020534979999979, 5.242847149000056], [-4.020648426999969, 5.242915133000054], [-4.020761734999951, 5.242897906000053], [-4.020818374999976, 5.242880772000035], [-4.020857959999944, 5.242829579000045], [-4.020857963999958, 5.24282953200003], [-4.020863550999934, 5.242784123000035], [-4.020863558999963, 5.242784077000067], [-4.020874783999943, 5.24272161600004], [-4.02097674099997, 5.242693046000056], [-4.021039176999977, 5.24275543300007], [-4.021234724999943, 5.242780677000042], [-4.021382033999942, 5.242763394000065], [-4.02150675799993, 5.242797276000033], [-4.021648464999942, 5.242819767000071], [-4.021693771999935, 5.242802651000034], [-4.021756115999949, 5.242808229000048], [-4.021795803999964, 5.242819527000051], [-4.021824291999962, 5.242921691000049], [-4.02182430199997, 5.242921735000039], [-4.021903646999931, 5.242927286000054], [-4.021965898999952, 5.242876056000057], [-4.022016797999925, 5.242813485000056], [-4.022226358999944, 5.242744971000036], [-4.022407722999958, 5.242761718000054], [-4.022487113999944, 5.242795674000035], [-4.022549411999933, 5.242772849000062], [-4.022662700999945, 5.242744258000073], [-4.022826992999967, 5.242715586000031], [-4.022991348999938, 5.242726680000033], [-4.023099017999925, 5.242726504000075], [-4.023246299999926, 5.242692177000038], [-4.023382199999958, 5.242629466000039], [-4.023600486999953, 5.242700118000073], [-4.023770509999963, 5.242711202000066], [-4.023849881999979, 5.242733795000049], [-4.023951856999929, 5.242716586000029], [-4.024036812999952, 5.242688043000044], [-4.024087877999932, 5.242727725000066], [-4.024161584999945, 5.242750328000056], [-4.024252206999961, 5.242721776000053], [-4.024399561999928, 5.242732895000074], [-4.024495933999958, 5.242755460000069], [-4.024563860999933, 5.242709903000048], [-4.024665816999971, 5.242681330000039], [-4.024756485999944, 5.242681182000069], [-4.024807515999953, 5.242698141000062], [-4.024858534999964, 5.24270942000004], [-4.024875488999953, 5.242680987000028], [-4.024971814999958, 5.242675149000036], [-4.025119150999956, 5.242674907000037], [-4.025187068999969, 5.242623669000068], [-4.025294758999962, 5.242634854000073], [-4.025430723999932, 5.242611908000072], [-4.025464659999955, 5.242572088000031], [-4.025572310999962, 5.242560549000075], [-4.025674329999958, 5.242571744000031], [-4.025827369999945, 5.242594216000043], [-4.02596344799997, 5.242639439000072], [-4.026122126999951, 5.242644859000052], [-4.026425341999925, 5.24266992500003], [-4.02656141999995, 5.242715148000059], [-4.026822064999976, 5.242697677000024], [-4.027196063999952, 5.242691383000022], [-4.027286685999968, 5.242662830000029], [-4.02736600999998, 5.242657020000024], [-4.02759277499996, 5.242713454000068], [-4.02762688699994, 5.242781569000044], [-4.027734621999969, 5.242821157000037], [-4.027796938999927, 5.242809693000027], [-4.027853568999944, 5.242786877000071], [-4.027983848999952, 5.242752578000022], [-4.028097185999968, 5.242752391000067], [-4.028193556999952, 5.242774956000062], [-4.028267337999978, 5.242843004000065], [-4.028369282999961, 5.24280875200003], [-4.028448534999939, 5.242757495000035], [-4.028590149999957, 5.242723177000073], [-4.028731762999939, 5.242688858000065], [-4.028833755999926, 5.242683010000064], [-4.028924469999936, 5.242711265000025], [-4.028975425999931, 5.242682777000027], [-4.029261546999976, 5.242651061000061], [-4.029425920999927, 5.242673514000046], [-4.029482680999934, 5.242730229000074], [-4.029573313999947, 5.242707357000029], [-4.029635592999966, 5.242673169000057], [-4.029856596999934, 5.242672805000041], [-4.02990187499995, 5.242638646000046], [-4.030139879999979, 5.242638254000042], [-4.03032116199995, 5.242603871000028], [-4.030411754999932, 5.242558275000022], [-4.030530719999945, 5.242535356000076], [-4.030666788999952, 5.242574898000044], [-4.030763141999955, 5.242586101000029], [-4.030825438999955, 5.242563275000066], [-4.030938775999971, 5.242563088000054], [-4.031040813999937, 5.242585643000041], [-4.031222067999977, 5.242534216000024], [-4.031329755999934, 5.242545401000029], [-4.031409172999929, 5.242596396000067], [-4.031471499999952, 5.242590613000061], [-4.03149973099994, 5.242528078000021], [-4.031550609999954, 5.242454144000021], [-4.031669566999938, 5.242425543000024], [-4.03183956099997, 5.242419583000071], [-4.031964330999926, 5.242481865000059], [-4.032069182999976, 5.242490213000053], [-4.032148459999974, 5.242455999000072], [-4.032301415999939, 5.242427341000052], [-4.032505392999951, 5.242409961000021], [-4.032788749999952, 5.242420856000024], [-4.033032467999931, 5.242448858000046], [-4.033468772999925, 5.242425413000035], [-4.03367837899998, 5.24238530100007], [-4.033865361999972, 5.242373631000021], [-4.03403541299997, 5.242401753000024], [-4.034210980999944, 5.242338974000063], [-4.034451822999927, 5.242341416000045], [-4.034712400999979, 5.242284178000034], [-4.034995812999966, 5.24232915500005], [-4.03516002899994, 5.242255034000038], [-4.035318698999959, 5.242254771000034], [-4.03559635199997, 5.242242949000058], [-4.035669906999942, 5.242174658000067], [-4.035890882999979, 5.242157249000059], [-4.036077960999933, 5.242202386000031], [-4.036230972999931, 5.24220781300005], [-4.036350003999928, 5.242224658000055], [-4.036519960999954, 5.242195973000037], [-4.036689944999978, 5.242184329000054], [-4.036808964999977, 5.242195494000043], [-4.037140457999953, 5.242186424000067], [-4.037338728999941, 5.242146328000047], [-4.037446452999973, 5.242180235000035], [-4.037639122999963, 5.242179915000065], [-4.038233992999949, 5.242093716000056], [-4.038494682999954, 5.24210464600003], [-4.038709963999963, 5.242070203000026], [-4.038840336999954, 5.242092709000076], [-4.039032902999963, 5.242029901000024], [-4.039253944999928, 5.242052256000022], [-4.039542873999949, 5.242006330000038], [-4.039695913999935, 5.242028799000025], [-4.039832001999969, 5.242079701000023], [-4.03987189299994, 5.242221609000069], [-4.039871902999948, 5.242221653000058], [-4.039942789999941, 5.242252781000047], [-4.040435835999972, 5.242274684000051], [-4.040951388999929, 5.242199975000062], [-4.042662561999975, 5.242176996000069], [-4.04312454899997, 5.242170791000035], [-4.043431460999955, 5.242122547000065], [-4.044512545999964, 5.241952605000051], [-4.04569388799996, 5.241845537000074], [-4.047625792999952, 5.241569627000047], [-4.047790147999933, 5.241580713000076], [-4.047869596999931, 5.241648750000024], [-4.04786977699996, 5.241756636000048], [-4.04786977699996, 5.241756684000052], [-4.048221084999966, 5.241739052000071], [-4.048339565999925, 5.241738466000072], [-4.049090926999952, 5.241734754000049], [-4.049499150999964, 5.241615049000075], [-4.049578028999974, 5.24159191900003], [-4.049674657999958, 5.241596369000035], [-4.049697039999955, 5.241597400000046], [-4.049799069999949, 5.24161427100006], [-4.050070783999956, 5.241554208000025], [-4.050524146999976, 5.241453991000071], [-4.051107743999978, 5.241407565000031], [-4.051572358999977, 5.241372701000046], [-4.051730962999954, 5.241332668000041], [-4.051883868999937, 5.241275603000076], [-4.052184176999958, 5.24125805500006], [-4.052643038999975, 5.24117207200004], [-4.052824355999974, 5.241160406000063], [-4.053345741999976, 5.241187932000059], [-4.053555353999968, 5.241153495000049], [-4.053815974999964, 5.241124651000064], [-4.053831786999979, 5.24112268500005], [-4.05391678999996, 5.241112118000046], [-4.053989936999926, 5.24110302400004], [-4.054015775999972, 5.241099812000073], [-4.054039380999939, 5.241096878000064], [-4.054043136999951, 5.241096411000058], [-4.054048919999957, 5.241096338000034], [-4.054049357999929, 5.241096332000041], [-4.054049352999925, 5.241096285000026], [-4.054053155999952, 5.241095878000067], [-4.054053554999939, 5.241095835000067], [-4.054055215999938, 5.241095658000063], [-4.054056504999949, 5.241095520000044], [-4.054155410999954, 5.241084941000054], [-4.05437333499998, 5.241064710000046], [-4.055611352999961, 5.240891474000023], [-4.055996474999972, 5.240837584000076], [-4.056511414999932, 5.240771190000032], [-4.057006993999948, 5.240707293000071], [-4.057112580999956, 5.24069367900006], [-4.057759924999971, 5.240562315000034], [-4.057810699999948, 5.240544980000038], [-4.05787399899998, 5.240542572000038], [-4.05799522999996, 5.240530800000045], [-4.058106738999925, 5.240519973000062], [-4.058240689999934, 5.240506966000055], [-4.05987083499997, 5.240345740000066], [-4.059975813999927, 5.240335357000049], [-4.06166604799995, 5.24016818900003], [-4.06416113399996, 5.239921418000051], [-4.064912077999963, 5.239847148000024], [-4.079487572999938, 5.238405594000028], [-4.081603865999966, 5.238196287000051], [-4.083042764999959, 5.23805397600006], [-4.083949556999926, 5.237964293000061], [-4.08530615899997, 5.237772858000028], [-4.090014278999945, 5.237108479000028], [-4.090014322999934, 5.237108473000035], [-4.09189526199998, 5.236859245000062], [-4.09345056799998, 5.236653163000028], [-4.093646742999965, 5.236627170000077], [-4.096702451999931, 5.236315443000024], [-4.096843540999942, 5.236274086000037], [-4.096855203999951, 5.236272821000057], [-4.098384931999931, 5.236136768000051], [-4.103327001999958, 5.235495468000067], [-4.109425777999945, 5.234746648000055], [-4.110990737999941, 5.234493556000075], [-4.110990779999952, 5.234493549000035], [-4.112282182999934, 5.234284697000021], [-4.113023768999938, 5.234200760000022], [-4.113290520999954, 5.234162342000047], [-4.115787023999928, 5.233799455000053], [-4.118210785999963, 5.233447141000056], [-4.118425909999928, 5.233415871000034], [-4.119042914999966, 5.233329304000051], [-4.120466096999962, 5.233110329000056], [-4.123970977999932, 5.232612023000058], [-4.125230270999964, 5.232461208000075], [-4.12563180799998, 5.232404871000028], [-4.125631875999943, 5.232404863000056], [-4.126907689999939, 5.232252070000072], [-4.127721673999929, 5.232154586000036], [-4.12784045199993, 5.232140361000063], [-4.131240330999958, 5.231747640000037], [-4.131376266999951, 5.231729935000033], [-4.132720546999963, 5.231554851000055], [-4.135460108999951, 5.231198041000027], [-4.137246858999958, 5.230889668000032], [-4.139056194999966, 5.230656995000061], [-4.142145550999942, 5.230217280000033], [-4.145923781999954, 5.229776291000064], [-4.149957512999947, 5.229137498000057], [-4.153263418999927, 5.228736798000057], [-4.158241800999974, 5.228056754000022], [-4.16048521099998, 5.227855292000072], [-4.166447526999946, 5.22709444000003], [-4.167903639999963, 5.22689441700004], [-4.170697547999964, 5.226376194000068], [-4.174810366999964, 5.225973879000037], [-4.177604479999957, 5.225574015000063], [-4.183015548999947, 5.224774586000024], [-4.185731137999937, 5.224493223000024], [-4.191260262999947, 5.223693505000028], [-4.194054264999977, 5.223254110000028], [-4.201197180999941, 5.222411774000022], [-4.21174088999993, 5.221299171000055], [-4.211803674999942, 5.221292546000029], [-4.212467603999926, 5.223749938000026], [-4.212680328999966, 5.224537293000026], [-4.212823644999958, 5.225067747000026], [-4.213199072999942, 5.226438690000066], [-4.214669632999971, 5.23180869600003], [-4.216434869999944, 5.238428628000065], [-4.217672439999944, 5.242989872000066], [-4.218715570999962, 5.246811949000062], [-4.219274794999933, 5.248860972000045], [-4.219721500999981, 5.250497721000045], [-4.219847, 5.250968371000056], [-4.220959293999954, 5.255139718000066], [-4.221588746999942, 5.257460553000044], [-4.222481018999929, 5.260750420000022], [-4.224124434999965, 5.26676473200007], [-4.224390137999933, 5.267760994000071], [-4.224390137999933, 5.274319399000035], [-4.226147006999952, 5.274319399000035], [-4.22777685899996, 5.280246497000064], [-4.227939963999972, 5.280849038000042], [-4.232802640999978, 5.280577466000068], [-4.240106299999979, 5.280201343000044], [-4.247337715999947, 5.279789123000057], [-4.252422618999958, 5.279541782000024], [-4.254316752999955, 5.279449647000035], [-4.260618371999954, 5.279085025000029], [-4.261439899999971, 5.27903748500006], [-4.268743443999938, 5.278661033000049], [-4.27314359199994, 5.278435085000069], [-4.276058716999955, 5.284033521000026], [-4.279299730999981, 5.29020977700003], [-4.282287649999944, 5.296061107000071], [-4.285564880999971, 5.302237222000031], [-4.290807272999928, 5.312440781000021], [-4.290864108999926, 5.312445634000028], [-4.29097401699994, 5.312946884000041], [-4.291324804999931, 5.314546700000051], [-4.293252785999925, 5.323339503000057], [-4.294652259999964, 5.329819213000064], [-4.295473848999961, 5.333623259000035], [-4.29774548499995, 5.343856198000026], [-4.299838919999956, 5.353500674000031], [-4.299966668999957, 5.354089213000066], [-4.302187535999963, 5.364119473000073], [-4.304256272999964, 5.373896622000075], [-4.306273569999973, 5.383217721000051], [-4.308393617999968, 5.393248115000063], [-4.310000674999969, 5.399833250000029], [-4.310041856999931, 5.399848249000058], [-4.310052221999968, 5.399905420000039], [-4.311966928999936, 5.401628133000031], [-4.314023231999954, 5.40363310500004], [-4.314745601999959, 5.404479264000031], [-4.315657432999956, 5.406015748000073], [-4.31559158999994, 5.406265370000028], [-4.315284546999976, 5.407429428000057], [-4.314878771999929, 5.40812104500003], [-4.314535314999944, 5.40865554100003], [-4.314410611999961, 5.408938386000045], [-4.314458620999972, 5.40940923900007], [-4.314648148999936, 5.410130963000029], [-4.314743285999953, 5.410664508000025], [-4.31452507299997, 5.411167336000062], [-4.314337509999973, 5.411356125000054], [-4.314087628999971, 5.411702036000065], [-4.314026259999935, 5.41229871500002], [-4.314184460999968, 5.413020506000066], [-4.314407082999935, 5.414558484000054], [-4.314157200999944, 5.414904395000065], [-4.313812790999975, 5.414999333000026], [-4.313342388999956, 5.41478057300003], [-4.312778272999935, 5.41468760500004], [-4.312371408999979, 5.414876869000068], [-4.312294306999945, 5.415442186000064], [-4.312359470999979, 5.416603740000028], [-4.312642850999964, 5.417262466000068], [-4.312644477999925, 5.418015995000076], [-4.312363603999927, 5.418518959000039], [-4.312019800999963, 5.41889647000005], [-4.311738655999932, 5.419273845000021], [-4.311614559999953, 5.419839264000075], [-4.311897874999943, 5.420466593000071], [-4.312023935999946, 5.420811689000061], [-4.311961548999932, 5.420937413000047], [-4.311742924999976, 5.421251858000062], [-4.311304862999975, 5.421503985000072], [-4.310710359999973, 5.421850643000028], [-4.310085203999961, 5.422511338000049], [-4.309847547999937, 5.422760111000059], [-4.309505336999962, 5.424332725000056], [-4.309174587999962, 5.424748899000065], [-4.308470916999966, 5.425248972000077], [-4.307476876999942, 5.425666580000041], [-4.307146036999939, 5.426041207000026], [-4.306608274999974, 5.426582465000024], [-4.306069975999947, 5.426874449000024], [-4.305199555999934, 5.426954531000035], [-4.303790352999954, 5.427087100000051], [-4.303086228999973, 5.427379440000038], [-4.302340111999968, 5.427422594000063], [-4.301718451999932, 5.427507025000068], [-4.301176978999933, 5.427890433000073], [-4.300807223999925, 5.427882900000043], [-4.30039159599994, 5.42738524400005], [-4.300017335999939, 5.426845952000065], [-4.299561232999963, 5.426805387000059], [-4.299124565999932, 5.427258622000068], [-4.298817248999967, 5.42784563400005], [-4.298444323999945, 5.42792952800005], [-4.298029318999966, 5.427722690000053], [-4.29757241599998, 5.427308212000071], [-4.296908676999976, 5.427101906000075], [-4.296411382999963, 5.427186065000058], [-4.295955721999974, 5.427353226000037], [-4.295252299999959, 5.427977924000061], [-4.294755447999933, 5.428269811000064], [-4.294259215999944, 5.428852518000042], [-4.293845186999931, 5.429102680000028], [-4.293267984999943, 5.429124886000068], [-4.292663623999943, 5.429030579000028], [-4.291868542999964, 5.428968547000068], [-4.291280351999944, 5.429001671000037], [-4.290263160999928, 5.429163178000067], [-4.289214915999935, 5.429675284000041], [-4.287944826999933, 5.430538396000031], [-4.287691052999946, 5.430825738000067], [-4.28743775099997, 5.431336147000025], [-4.287248248999958, 5.431942019000076], [-4.286835753999981, 5.432357167000021], [-4.286358917999962, 5.432421917000056], [-4.285373043999925, 5.432360283000037], [-4.285087063999981, 5.432456492000028], [-4.285041121999939, 5.433285127000033], [-4.285393198999941, 5.434367849000068], [-4.285934375999943, 5.434653497000056], [-4.287079379999966, 5.434778523000034], [-4.287620625999978, 5.435096037000051], [-4.288098884999954, 5.435700485000041], [-4.288131360999955, 5.436019083000076], [-4.288069186999962, 5.436688418000074], [-4.287594040999977, 5.437549835000027], [-4.286945628999945, 5.439176425000028], [-4.286564792999968, 5.439527772000076], [-4.286214874999928, 5.439464785000041], [-4.285864550999975, 5.439210598000045], [-4.28526031399997, 5.439180019000048], [-4.284561221999979, 5.439404576000072], [-4.284150004999958, 5.440425190000042], [-4.283678702999964, 5.443103007000047], [-4.283570854999937, 5.444728445000067], [-4.28370244599995, 5.446799507000037], [-4.283672, 5.447436908000043], [-4.282751792999932, 5.448363007000069], [-4.282070683999962, 5.449575398000036], [-4.28181940099995, 5.451041807000024], [-4.281662905999951, 5.452221214000076], [-4.281727247999925, 5.452571612000042], [-4.282174735999945, 5.453654130000075], [-4.282748677999962, 5.454385843000068], [-4.283497856999929, 5.455276516000026], [-4.284231679999948, 5.456422154000052], [-4.28442328999995, 5.456804146000025], [-4.284679515999926, 5.457664002000058], [-4.28570171299998, 5.459828757000025], [-4.285956583999962, 5.460051279000027], [-4.286561589999963, 5.460432385000047], [-4.287261518999969, 5.460590219000039], [-4.287993043999961, 5.46065238500006], [-4.288852242999951, 5.460937343000069], [-4.28920319599996, 5.461478324000041], [-4.289315583999951, 5.461987950000037], [-4.289126966999959, 5.463008091000063], [-4.289223250999953, 5.463422151000032], [-4.289573523999934, 5.463644466000062], [-4.290750042999946, 5.463610071000062], [-4.291736171999958, 5.463767284000028], [-4.292467904999967, 5.463925043000074], [-4.293041938999977, 5.464688607000028], [-4.293424218999974, 5.465006450000033], [-4.293837613999926, 5.465005559000076], [-4.294759187999944, 5.464716772000031], [-4.295490579999978, 5.464715194000064], [-4.296157823999977, 5.464458821000051], [-4.296507550999934, 5.464426199000059], [-4.296794089999935, 5.464584913000067], [-4.297048897999957, 5.464775562000057], [-4.29724092999993, 5.465348747000064], [-4.297369363999962, 5.465922068000054], [-4.297405419999961, 5.466192167000031], [-4.297271076999948, 5.469111616000021], [-4.297861714999954, 5.473887426000033], [-4.298890574999973, 5.476656539000032], [-4.300033988999928, 5.477611340000067], [-4.301053389999936, 5.478437657000029], [-4.30166007899993, 5.479583534000028], [-4.302171299999941, 5.480697752000026], [-4.30236700599994, 5.482959851000032], [-4.301862341999936, 5.484872943000028], [-4.30083590299995, 5.486819989000026], [-4.30055234799994, 5.48736271100006], [-4.30029701899997, 5.48779124400005], [-4.299445548999927, 5.489048497000056], [-4.299190094999972, 5.489419966000071], [-4.298481355999968, 5.490848100000051], [-4.298141283999939, 5.491590667000025], [-4.297546866999937, 5.493218275000061], [-4.297307004999936, 5.494217411000022], [-4.297252836999974, 5.495501463000039], [-4.302723122999964, 5.497058799000058], [-4.307951216999925, 5.498531015000026], [-4.313407237999968, 5.500059739000051], [-4.319062715999962, 5.50164503000002], [-4.324518833999946, 5.503202171000055], [-4.329832476999968, 5.504702510000072], [-4.331556196999941, 5.505183696000074], [-4.332555434999961, 5.506379783000057], [-4.332698246999939, 5.506579184000032], [-4.333241913999927, 5.507776288000059], [-4.333926868999981, 5.508488041000021], [-4.334440283999925, 5.508886331000042], [-4.335238434999951, 5.509283982000056], [-4.335793860999956, 5.509368330000029], [-4.336021521999953, 5.509310757000037], [-4.336448433999976, 5.50922420400002], [-4.336818333999929, 5.509109248000073], [-4.33738754999996, 5.50899384500002], [-4.337899944999947, 5.508935631000043], [-4.33858350099996, 5.50901968900007], [-4.339210556999944, 5.509303593000027], [-4.339524980999954, 5.509844982000061], [-4.340010053999947, 5.510300392000033], [-4.340324094999971, 5.510670593000043], [-4.340610109999943, 5.511240576000034], [-4.340553738999972, 5.511497485000064], [-4.340411754999934, 5.511668993000058], [-4.340013379999959, 5.511784016000036], [-4.339472125999976, 5.511671109000076], [-4.339529775999949, 5.511984824000024], [-4.339644054999951, 5.512155755000038], [-4.340043196999943, 5.512383107000062], [-4.340670385999942, 5.512724071000036], [-4.341183935999936, 5.513179416000071], [-4.341340861999925, 5.513321719000032], [-4.341770017999977, 5.514233754000031], [-4.342083804999959, 5.514489828000023], [-4.342483078999976, 5.514774241000055], [-4.342882223999936, 5.515001591000043], [-4.343053707999957, 5.51528651700005], [-4.343054092999978, 5.515457704000028], [-4.342856123999979, 5.516057309000075], [-4.342629231999979, 5.516457260000038], [-4.341662596999925, 5.517115662000037], [-4.34154921399994, 5.517344169000069], [-4.341606610999975, 5.517543759000034], [-4.341777774999969, 5.51768602900006], [-4.342005757999971, 5.517771109000023], [-4.342546376999962, 5.517598700000065], [-4.343427910999935, 5.517083145000072], [-4.343912222999961, 5.517196176000027], [-4.344169001999944, 5.517423846000042], [-4.344397370999957, 5.51768011200005], [-4.34502469499995, 5.518078131000038], [-4.345423843999924, 5.518305478000059], [-4.345708710999929, 5.518361896000044], [-4.346164614999964, 5.518503520000024], [-4.346763402999954, 5.51887307100003], [-4.34706257199997, 5.518957987000022], [-4.348287270999947, 5.519097867000028], [-4.349283919999948, 5.519124136000073], [-4.350194954999949, 5.519065005000073], [-4.351191022999956, 5.518834492000053], [-4.352072741999962, 5.518404519000057], [-4.352684087999933, 5.518032222000045], [-4.353001991999975, 5.51768555600006], [-4.353026849999935, 5.517699320000077], [-4.353276989999927, 5.517374655000026], [-4.353737827999964, 5.516553334000037], [-4.354305521999947, 5.515767434000054], [-4.355017120999946, 5.515658821000045], [-4.355551162999973, 5.515728932000059], [-4.35626397599998, 5.516155275000074], [-4.356977923999978, 5.517080909000072], [-4.357690495999975, 5.517400258000066], [-4.358331720999956, 5.517648441000063], [-4.358830822999948, 5.518003940000028], [-4.359295062999934, 5.518680493000033], [-4.359581831999947, 5.519571435000046], [-4.35970783199997, 5.521398509000051], [-4.360480745999951, 5.523563735000039], [-4.360837809999964, 5.524062212000047], [-4.361728679999942, 5.524523800000054], [-4.36290396499993, 5.524842079000052], [-4.364150026999937, 5.524981873000058], [-4.364897223999947, 5.524873165000031], [-4.36592899599998, 5.524692473000073], [-4.367015402999925, 5.524385285000051], [-4.367885513999965, 5.524224340000046], [-4.368695880999951, 5.524231076000035], [-4.369006050999928, 5.524261433000049], [-4.36987318599995, 5.523762279000039], [-4.370739319999927, 5.522828118000064], [-4.371328505999941, 5.522826758000065], [-4.372071668999979, 5.522358960000076], [-4.372583329999941, 5.522357778000071], [-4.373203811999929, 5.522480632000054], [-4.373543344999973, 5.521796262000066], [-4.374285573999941, 5.520924527000034], [-4.374843245999955, 5.520705733000057], [-4.375308390999976, 5.520704656000021], [-4.375929873999951, 5.521262515000046], [-4.375962029999926, 5.52175959300007], [-4.375777548999963, 5.522443605000035], [-4.375686310999924, 5.523220618000039], [-4.375842291999959, 5.523624194000035], [-4.375935535999929, 5.523717194000028], [-4.376214767999954, 5.523778691000075], [-4.376834173999953, 5.523435463000055], [-4.377702016999933, 5.523247018000063], [-4.378601226999933, 5.523213860000055], [-4.378926829999955, 5.523213104000035], [-4.37976531399994, 5.523739381000041], [-4.379982741999925, 5.523894236000046], [-4.380697404999978, 5.524514015000022], [-4.381318319999934, 5.524823291000075], [-4.382031328999972, 5.524728416000073], [-4.382278974999963, 5.524541407000072], [-4.383052199999952, 5.523669592000033], [-4.383515687999932, 5.522953858000051], [-4.384166096999934, 5.522610551000071], [-4.384569005999936, 5.522516396000071], [-4.385299246999978, 5.52316720400006], [-4.385764391999942, 5.523166119000052], [-4.386665837999942, 5.524096173000032], [-4.387131271999976, 5.52421937400004], [-4.387348267999926, 5.524187795000046], [-4.387999325999942, 5.524124130000075], [-4.388775435999946, 5.524495178000052], [-4.389397004999978, 5.525084090000064], [-4.38989431899995, 5.52558007600004], [-4.390235787999927, 5.525734636000038], [-4.390763387999925, 5.525919831000067], [-4.391135358999975, 5.525856816000044], [-4.391801704999978, 5.525699895000059], [-4.392359007999971, 5.525325726000062], [-4.392793433999941, 5.525448995000033], [-4.393445071999963, 5.525633897000034], [-4.394188431999964, 5.525259290000065], [-4.394434255999954, 5.524295486000028], [-4.394898744999978, 5.52401474900006], [-4.395394824999926, 5.523982512000032], [-4.39589214199998, 5.524478492000071], [-4.396234920999973, 5.525192337000021], [-4.396576680999942, 5.525471180000068], [-4.397987617999945, 5.525467859000059], [-4.398670266999943, 5.525652682000043], [-4.399135555999976, 5.525713729000074], [-4.399971427999958, 5.525121396000031], [-4.400777602999938, 5.525088423000057], [-4.401150009999981, 5.525211831000036], [-4.401553644999979, 5.525428380000051], [-4.402082268999948, 5.526048567000032], [-4.402548508999928, 5.526513541000043], [-4.403262899999959, 5.527009], [-4.40430252699997, 5.527348329000063], [-4.40548059799994, 5.52722125400004], [-4.40665976899993, 5.527560249000032], [-4.407188545999929, 5.528242572000067], [-4.407686461999958, 5.52898711000006], [-4.408307755999942, 5.529451710000046], [-4.409020977999944, 5.529450017000045], [-4.409873449999964, 5.529323705000024], [-4.410833717999935, 5.528886420000049], [-4.411576916999934, 5.528449651000074], [-4.412288663999959, 5.527826526000069], [-4.412815825999928, 5.52782527100004], [-4.413468720999958, 5.528538362000063], [-4.413780216999953, 5.529127980000055], [-4.414555898999936, 5.529312560000051], [-4.415547687999947, 5.529092694000042], [-4.415933829999972, 5.528470342000048], [-4.417080959999964, 5.528374390000067], [-4.418040552999969, 5.527657453000074], [-4.419219280999926, 5.527809993000062], [-4.420492667999952, 5.528645876000041], [-4.421268274999932, 5.528799376000052], [-4.422369183999933, 5.528827810000053], [-4.422803760999955, 5.529013196000051], [-4.423238486999935, 5.529260725000029], [-4.423829374999968, 5.529973950000056], [-4.42469830899995, 5.53025150700006], [-4.425410708999948, 5.529908010000042], [-4.425874214999965, 5.529223325000032], [-4.426120578999928, 5.528508091000049], [-4.426585123999928, 5.528258404000042], [-4.427173706999952, 5.528008417000024], [-4.428120011999965, 5.528223641000068], [-4.428524548999974, 5.528813023000055], [-4.428991179999969, 5.52943332600006], [-4.429674205999959, 5.529773465000062], [-4.430263608999951, 5.529865259000076], [-4.430976674999954, 5.529801397000028], [-4.431379796999977, 5.52980042400003], [-4.432031216999974, 5.529892066000059], [-4.432713647999947, 5.52998363200004], [-4.433426563999944, 5.529857625000034], [-4.433953721999956, 5.529856351000035], [-4.434202694999954, 5.530228605000048], [-4.43432770499993, 5.530632229000048], [-4.434499752999955, 5.531253238000033], [-4.434904372999938, 5.531873685000051], [-4.43518458099993, 5.532339076000028], [-4.435681256999942, 5.532555373000037], [-4.436270210999965, 5.53246073300005], [-4.436796996999931, 5.532304100000033], [-4.43729359799994, 5.532489324000039], [-4.43788352699994, 5.532798606000028], [-4.43841098799993, 5.532921612000052], [-4.439031100999955, 5.532889036000029], [-4.439681847999964, 5.532701029000066], [-4.440720060999979, 5.53244993800007], [-4.441681953999932, 5.532696170000065], [-4.442086204999953, 5.533161254000049], [-4.442243208999969, 5.533968723000044], [-4.442927525999949, 5.534837050000021], [-4.443860749999942, 5.536046552000073], [-4.444917110999938, 5.536882898000044], [-4.445662547999973, 5.537378217000025], [-4.446765049999954, 5.538059090000047], [-4.448378939999941, 5.538626855000075], [-4.449694352999927, 5.538872205000075], [-4.449930509999945, 5.539070482000056], [-4.45043755699993, 5.539466950000076], [-4.450708046999978, 5.539704913000037], [-4.451368484999932, 5.540336448000062], [-4.451686893999977, 5.540692015000047], [-4.45176313099995, 5.540800261000072], [-4.451816362999978, 5.540875843000038], [-4.451808290999963, 5.540873460000057], [-4.451817279999943, 5.540886895000028], [-4.451234998999951, 5.541282451000029], [-4.445939197999962, 5.546115587000031], [-4.442273667999928, 5.549501799000041], [-4.437422464999941, 5.553959948000056], [-4.433055123999964, 5.557979555000031], [-4.428639339999961, 5.562047857000039], [-4.423787926999978, 5.566505945000074], [-4.419033265999929, 5.570890887000076], [-4.414278474999946, 5.575251510000044], [-4.409523669999942, 5.579636410000035], [-4.404647768999951, 5.584118766000074], [-4.40013481099993, 5.588284370000054], [-4.396626483999967, 5.591504781000026], [-4.395331345999978, 5.592693619000045], [-4.390624584999955, 5.597005426000067], [-4.389523720999932, 5.597931399000061], [-4.389133551999976, 5.598259582000026], [-4.386384297999939, 5.600572068000076], [-4.386379662999957, 5.600569516000064], [-4.386379893999958, 5.600568711000051], [-4.386229698999955, 5.600486941000042], [-4.371097415999941, 5.592248564000045], [-4.357406920999949, 5.584762620000049], [-4.357401878999951, 5.584759863000045], [-4.351358586999936, 5.585827664000021], [-4.314977238999973, 5.592255956000031], [-4.28675738499993, 5.597242178000045], [-4.271152883999946, 5.599999368000056], [-4.267068971999947, 5.600720963000072], [-4.260381590999941, 5.60190256900006], [-4.259835450999958, 5.602053058000024], [-4.259672553999962, 5.602097944000036], [-4.258213536999961, 5.603149907000045], [-4.255357962999938, 5.605208800000071], [-4.254434082999978, 5.605828731000031], [-4.254319417999966, 5.605905672000063], [-4.254198686999928, 5.605986683000026], [-4.252162638999948, 5.60695557400004], [-4.250588254999968, 5.607704774000069], [-4.248271065999973, 5.60884248900004], [-4.244681724999964, 5.60929975800002], [-4.244660205999935, 5.609302499000023], [-4.241048378999949, 5.60931017300004], [-4.24103711999993, 5.609307501000046], [-4.238080018999938, 5.608605676000025], [-4.235957931999963, 5.608146511000029], [-4.234531054999934, 5.60783777100005], [-4.229472267999938, 5.606356021000067], [-4.22730293199993, 5.605720609000059], [-4.226708866999957, 5.60575840100006], [-4.21995121499998, 5.606188298000063], [-4.216948954999964, 5.607238842000072], [-4.216885007999963, 5.607261218000076], [-4.216793129999928, 5.607293368000057], [-4.212667832999955, 5.608529664000059], [-4.209663286999955, 5.607971698000028], [-4.208545508999975, 5.607764119000024], [-4.208538390999934, 5.607762797000021], [-4.208176579999929, 5.607645604000027], [-4.205763136999963, 5.606863874000055], [-4.203752616999964, 5.60566093400007], [-4.201894584999934, 5.604549230000032], [-4.20188852299998, 5.604545603000076], [-4.199759449999931, 5.604226881000045], [-4.194923323999944, 5.604818332000036], [-4.191058837999947, 5.607475546000046], [-4.190347438999936, 5.607776131000037], [-4.189061100999936, 5.608319644000062], [-4.185190038999963, 5.607745934000036], [-4.181899332999933, 5.60710640700006], [-4.179807362999952, 5.607290300000045], [-4.177385237999943, 5.607503216000055], [-4.176300410999943, 5.60729512100005], [-4.175385014999961, 5.607119527000066], [-4.174710721999929, 5.606446681000023], [-4.174157092999963, 5.605894241000044], [-4.17270197199997, 5.604505369000037], [-4.172670797999956, 5.604475614000023], [-4.17267034899993, 5.604475663000073], [-4.166115084999944, 5.605191973000046], [-4.164662157999942, 5.605350738000027], [-4.163509665999925, 5.604940948000035], [-4.162229543999956, 5.604485777000036], [-4.160838470999977, 5.603479573000072], [-4.158715119999954, 5.60094397000006], [-4.158119954999961, 5.600616522000053], [-4.157706945999962, 5.600389293000035], [-4.157683701999929, 5.600392833000058], [-4.156318282999962, 5.600600787000076], [-4.154583647999971, 5.601474006000046], [-4.154341372999966, 5.601438085000041], [-4.153888904999974, 5.601370999000039], [-4.153126166999925, 5.600743083000054], [-4.152540808999959, 5.600261193000051], [-4.152497576999963, 5.600225603000069], [-4.151813581999932, 5.599909073000049], [-4.151543510999943, 5.599784093000039], [-4.151524338999934, 5.599775221000073], [-4.149794113999974, 5.599987879000025], [-4.149512375999961, 5.600022507000062], [-4.149510656999951, 5.600022718000048], [-4.149299318999965, 5.600134407000041], [-4.148164165999958, 5.600734319000026], [-4.148123006999981, 5.600756071000035], [-4.147478482999929, 5.601258534000067], [-4.146736030999932, 5.601837340000031], [-4.146269034999932, 5.601929580000046], [-4.145312764999971, 5.602118461000032], [-4.14350634699997, 5.601808862000041], [-4.143129598999963, 5.601489291000064], [-4.142114965999951, 5.600628645000029], [-4.139248470999974, 5.598825912000052], [-4.138916170999948, 5.598616929000059], [-4.135022052999943, 5.596189030000062], [-4.133599510999943, 5.595626318000029], [-4.132658818999971, 5.595254211000054], [-4.126961882999979, 5.59436058700004], [-4.124230230999956, 5.592986645000053], [-4.12303396599998, 5.592384958000025], [-4.122926906999965, 5.592341434000048], [-4.118689746999962, 5.590618845000051], [-4.113720665999949, 5.588958258000048], [-4.109832607999977, 5.588162114000056], [-4.109343398999954, 5.588061940000046], [-4.109335834999968, 5.588062881000042], [-4.104517494999925, 5.588662511000052], [-4.103579872999944, 5.588664274000053], [-4.099517095999943, 5.588811066000062], [-4.097643207999965, 5.589545218000069], [-4.09642589799995, 5.589885295000045], [-4.09149969799995, 5.591261514000053], [-4.086181723999971, 5.591969264000056], [-4.085666954999965, 5.592037773000072], [-4.085663403999945, 5.59203741500005], [-4.083148721999976, 5.591783701000054], [-4.080248487999938, 5.591491088000055], [-4.077484402999971, 5.591127015000041], [-4.07610096999997, 5.590944796000031], [-4.076080201999957, 5.590942060000032], [-4.075821509999969, 5.590896029000021], [-4.072015783999973, 5.590218847000074], [-4.070488054999942, 5.590020945000049], [-4.069896915999948, 5.589944369000023], [-4.067921245999969, 5.590397410000037], [-4.059691314999952, 5.592284616000029], [-4.059344132999968, 5.592364228000065], [-4.058594510999967, 5.592538214000058], [-4.051277953999943, 5.594236373000058], [-4.048617713999931, 5.594853810000075], [-4.04142294199994, 5.596506175000059], [-4.032128566999972, 5.598640740000064], [-4.032027529999937, 5.598665194000034], [-4.030417659999955, 5.59905483600005], [-4.027067593999959, 5.599865664000049], [-4.027060374999962, 5.599867411000048], [-4.023952506999933, 5.598030324000035], [-4.021602407999978, 5.596641161000036], [-4.018753758999935, 5.596475592000047], [-4.011139752999952, 5.596033052000053], [-4.010557692999953, 5.595999222000046], [-4.006604168999957, 5.595751514000028], [-4.001909397999952, 5.595457364000026], [-3.99489297599996, 5.594703846000073], [-3.99074810299993, 5.594418910000059], [-3.990447217999929, 5.594398226000067], [-3.984630238999955, 5.59470635100007], [-3.983886315999939, 5.594745757000055], [-3.983578274999957, 5.594731523000064], [-3.97415622799997, 5.59429615800002], [-3.973950966999951, 5.594286673000056], [-3.973887411999954, 5.59428951700005], [-3.971070168999972, 5.594415588000061], [-3.967491908999932, 5.59457571400003], [-3.964712647999932, 5.593988793000051], [-3.964675540999963, 5.59399045300006], [-3.961483111999939, 5.594133271000032], [-3.958774047999952, 5.593998529000032], [-3.955579007999972, 5.594003742000041], [-3.955568426999946, 5.59400073200004], [-3.955538056999956, 5.593992092000065], [-3.954507192999927, 5.593698819000053], [-3.953633297999943, 5.593450202000042], [-3.952441631999932, 5.593145260000028], [-3.952417286999946, 5.593139030000032], [-3.952001750999955, 5.593108287000064], [-3.950576439999963, 5.593002838000075], [-3.947903056999962, 5.593459488000065], [-3.947245556999974, 5.593732591000048], [-3.945716596999944, 5.594367667000029], [-3.943043589999945, 5.595067856000071], [-3.943024454999943, 5.595070388000067], [-3.941446393999968, 5.595279188000063], [-3.94083531299998, 5.595215734000021], [-3.940786432999971, 5.595210658000042], [-3.939014978999978, 5.595039525000061], [-3.939172108999969, 5.595244707000063], [-3.938937789999954, 5.594987300000071], [-3.938875719999942, 5.594976760000065], [-3.938871836999965, 5.594958427000051], [-3.938664138999968, 5.59379016500003], [-3.938491733999967, 5.593240514000058], [-3.938251155999978, 5.592965936000041], [-3.938171225999952, 5.592912733000048], [-3.937529968999968, 5.592485902000021], [-3.937117862999969, 5.592211597000073], [-3.936259509999957, 5.591766151000058], [-3.935847240999976, 5.59138873400002], [-3.935777645999963, 5.590770176000035], [-3.935811460999957, 5.59046078800003], [-3.935742412999957, 5.590185935000022], [-3.935604807999937, 5.589945561000036], [-3.935055263999971, 5.589533991000053], [-3.934848830999954, 5.589156244000037], [-3.934847685999955, 5.588434466000024], [-3.934915261999947, 5.587781320000033], [-3.934777439999948, 5.587403464000033], [-3.934605694999959, 5.587266255000031], [-3.934399970999948, 5.587335324000037], [-3.934194246999937, 5.587404392000053], [-3.933782962999942, 5.587645639000073], [-3.933611652999957, 5.587783394000041], [-3.933405710999978, 5.587714980000044], [-3.933336610999959, 5.587405756000067], [-3.932958053999926, 5.586650206000058], [-3.932720841999981, 5.586465962000034], [-3.932648924999967, 5.586410104000038], [-3.931791125999951, 5.586308353000049], [-3.931447962999925, 5.58624015700002], [-3.931207607999966, 5.58610305600007], [-3.931275675999927, 5.585759243000041], [-3.931515541999943, 5.58558701000004], [-3.932373122999934, 5.585551279000072], [-3.93292189999994, 5.585481667000067], [-3.933264626999971, 5.585274900000059], [-3.933367161999968, 5.58503414300003], [-3.933332421999978, 5.584759235000035], [-3.933177829999977, 5.584621998000046], [-3.932697011999949, 5.58427905700006], [-3.932525268999939, 5.584141847000069], [-3.931495946999974, 5.584040368000046], [-3.930432156999927, 5.583835830000055], [-3.930088237999939, 5.583286446000045], [-3.930018922999977, 5.582839739000065], [-3.930017947999943, 5.582221071000049], [-3.930223073999969, 5.581773930000054], [-3.930187251999939, 5.580811612000048], [-3.93046163899993, 5.580776807000063], [-3.931010954999977, 5.581050902000072], [-3.931182371999967, 5.580981889000043], [-3.93128496199995, 5.58077550400003], [-3.931146819999981, 5.58019142400002], [-3.930803389999937, 5.579951374000075], [-3.930254562999949, 5.579986613000074], [-3.929945870999973, 5.580021471000066], [-3.929396827999938, 5.579919228000051], [-3.929087919999972, 5.57981660400003], [-3.928881710999974, 5.579576336000059], [-3.928504192999981, 5.579473821000022], [-3.928023597999925, 5.579268356000057], [-3.927628441999957, 5.578856533000021], [-3.927490843999976, 5.578616156000066], [-3.927250438999977, 5.578444682000054], [-3.926975998999978, 5.578445115000022], [-3.926804634999939, 5.578548496000053], [-3.926667792999979, 5.578789306000033], [-3.92639356799998, 5.578927220000025], [-3.926050463999957, 5.578893390000076], [-3.925878453999928, 5.578584326000055], [-3.925843393999969, 5.578103193000061], [-3.925877105999973, 5.577725063000059], [-3.92577354499997, 5.577312780000057], [-3.925395435999974, 5.576832186000047], [-3.925257839999972, 5.576591809000035], [-3.925188852999952, 5.57635132300004], [-3.925393982999935, 5.575904183000034], [-3.925496519999967, 5.575663428000041], [-3.925427156999945, 5.575182349000045], [-3.925152233999938, 5.574873446000026], [-3.924705894999931, 5.574633553000069], [-3.92398495599997, 5.574290979000068], [-3.923332842999969, 5.574085779000029], [-3.923160727999971, 5.573707972000022], [-3.923263051999925, 5.573329735000073], [-3.923365696999952, 5.57315772100003], [-3.923674171999949, 5.572985384000049], [-3.924016627999947, 5.57260677000005], [-3.924358706999953, 5.57198756300005], [-3.924786493999932, 5.57133385000003], [-3.925197073999925, 5.570645794000029], [-3.925573670999938, 5.570164014000056], [-3.926053449999927, 5.569853925000075], [-3.92639584899996, 5.56944093900006], [-3.926601245999962, 5.569165652000038], [-3.926840622999975, 5.568684087000065], [-3.926873795999938, 5.567962253000076], [-3.926667431999931, 5.567618872000025], [-3.926461443999926, 5.567516084000033], [-3.926015271999972, 5.567379303000052], [-3.925363487999959, 5.567380327000023], [-3.925294449999967, 5.567105470000058], [-3.925327893999963, 5.566555488000063], [-3.92539574999995, 5.566074194000066], [-3.925566250999964, 5.565420885000037], [-3.925616900999955, 5.564905246000023], [-3.925547378999966, 5.56432105600004], [-3.925375266999936, 5.563943249000033], [-3.924928613999953, 5.563497132000066], [-3.924207743999943, 5.563188927000056], [-3.92376152199995, 5.56301777300007], [-3.92352117799993, 5.562880667000059], [-3.92286934599997, 5.562847316000045], [-3.922423498999933, 5.56291675500006], [-3.922046473999956, 5.563123568000037], [-3.92184070299993, 5.563158260000023], [-3.921634663999953, 5.563021100000071], [-3.921565787999953, 5.562849354000036], [-3.921496376999926, 5.562333903000024], [-3.921324428999981, 5.562059207000061], [-3.921152694999932, 5.561921992000066], [-3.920226269999944, 5.561785956000051], [-3.91912843199998, 5.561718926000026], [-3.918751032999978, 5.561685143000034], [-3.918476279999936, 5.561479347000045], [-3.918047318999925, 5.561376902000063], [-3.917326878999972, 5.561343652000062], [-3.917018194999969, 5.561378503000071], [-3.916709723999929, 5.561550835000048], [-3.916435716999956, 5.56182622700004], [-3.916127032999952, 5.56186107700006], [-3.915955351999969, 5.561758231000056], [-3.915886052999952, 5.561311520000061], [-3.915885202999959, 5.560761590000027], [-3.915918762999979, 5.560280349000038], [-3.915815265999925, 5.559902432000058], [-3.915608963999944, 5.559593415000052], [-3.915505892999931, 5.559490463000031], [-3.915300121999962, 5.559525153000038], [-3.915128707999941, 5.559594160000074], [-3.915060576999963, 5.559903602000077], [-3.914889374999973, 5.560110092000059], [-3.91461610999994, 5.560866671000042], [-3.914444854999942, 5.561038790000055], [-3.914239241999951, 5.561176591000049], [-3.913896253999951, 5.56121149300003], [-3.913690375999977, 5.561177441000041], [-3.913038809999932, 5.56131593300006], [-3.912730336999971, 5.561488263000058], [-3.912388036999971, 5.56196998300004], [-3.912251348999973, 5.562313902000028], [-3.912389306999955, 5.562794878000034], [-3.912596350999934, 5.563585084000067], [-3.91252811399994, 5.563825785000063], [-3.912150924999935, 5.563929481000059], [-3.911533446999954, 5.563930435000032], [-3.911138735999941, 5.563793562000058], [-3.911001253999927, 5.563621921000049], [-3.910897759999955, 5.563244003000023], [-3.910895961999927, 5.562075401000072], [-3.910758163999958, 5.561697536000054], [-3.910620048999931, 5.561113446000036], [-3.910345086999939, 5.560770163000029], [-3.910000989999958, 5.560083279000025], [-3.909828941999933, 5.559739837000052], [-3.909519729999943, 5.559430977000034], [-3.909313693999934, 5.559293811000032], [-3.909004957999969, 5.559294287000057], [-3.908422209999969, 5.55957015000007], [-3.90818244999997, 5.55981111400007], [-3.907770536999976, 5.559639894000043], [-3.907529407999959, 5.558987221000052], [-3.907494735999933, 5.558746678000034], [-3.907768325999939, 5.558196326000029], [-3.908111049999945, 5.557989574000032], [-3.908556158999943, 5.557438957000045], [-3.908607140999948, 5.557129542000041], [-3.908263205999958, 5.556545768000035], [-3.908261889999949, 5.555686501000025], [-3.908294824999928, 5.554792810000038], [-3.908088633999967, 5.554552532000059], [-3.907848401999956, 5.554484160000072], [-3.907402714999932, 5.554656698000031], [-3.907128704999934, 5.554932085000075], [-3.906958079999924, 5.555516651000062], [-3.90699327699997, 5.556100900000047], [-3.907200520999936, 5.557028592000052], [-3.907132280999974, 5.557269292000058], [-3.906892415999948, 5.55744151500005], [-3.906274943999961, 5.557442463000029], [-3.905897547999928, 5.557408671000076], [-3.905519783999978, 5.557134284000028], [-3.905107768999926, 5.556894321000073], [-3.904832969999973, 5.556654146000028], [-3.904729637999935, 5.556379338000056], [-3.904660085999978, 5.555760770000063], [-3.904350931999943, 5.555486277000057], [-3.90397332699996, 5.555315002000043], [-3.903149456999927, 5.554938183000047], [-3.902908701999934, 5.554526101000022], [-3.902805005999937, 5.554010697000024], [-3.902701623999974, 5.553701518000025], [-3.902529842999968, 5.553529926000067], [-3.902255412999978, 5.553530346000059], [-3.901946782999971, 5.55359955800003], [-3.901707021999925, 5.553840520000051], [-3.901398600999926, 5.554047216000072], [-3.901141634999931, 5.554253833000075], [-3.900696206999953, 5.554598220000059], [-3.900010389999977, 5.554771120000055], [-3.899735697999972, 5.554599684000038], [-3.899665317999961, 5.553431183000043], [-3.899698005999937, 5.552365637000037], [-3.899319048999928, 5.551300717000061], [-3.899112705999926, 5.550957322000045], [-3.89873468899998, 5.550511076000021], [-3.898218209999925, 5.549240139000062], [-3.898217065999972, 5.54848398200005], [-3.898284840999963, 5.547933945000068], [-3.898164257999952, 5.547590420000063], [-3.897752408999963, 5.547453561000054], [-3.897546638999927, 5.547488245000068], [-3.89737564099994, 5.547832213000049], [-3.897341960999938, 5.54824471400002], [-3.897068207999951, 5.548691951000023], [-3.89607418199995, 5.549209021000024], [-3.895765449999942, 5.54920948900002], [-3.89542199899995, 5.548935042000039], [-3.895420961999946, 5.548247626000034], [-3.895591753999952, 5.547766175000049], [-3.895625020999944, 5.547078707000026], [-3.895555895999962, 5.546735102000071], [-3.89541831899993, 5.546494714000062], [-3.895212342999969, 5.546391914000026], [-3.894903455999952, 5.546289268000066], [-3.894628510999951, 5.545945975000052], [-3.894661571999961, 5.545121023000036], [-3.894729453999958, 5.54463972800005], [-3.895037510999941, 5.544192441000064], [-3.895208768999964, 5.544020327000055], [-3.895551438999973, 5.543779212000061], [-3.895653986999946, 5.543538461000026], [-3.895241828999929, 5.543195376000028], [-3.894349943999941, 5.54319672400004], [-3.89404131799995, 5.543265932000054], [-3.893835187999969, 5.543060018000062], [-3.893834205999951, 5.542406972000038], [-3.89362771499998, 5.54196046200002], [-3.89354164699995, 5.541754366000021], [-3.893266962999974, 5.541582926000046], [-3.892992278999941, 5.541411486000072], [-3.89254613099996, 5.541274675000068], [-3.892271446999928, 5.541103234000047], [-3.89220247999998, 5.540862741000069], [-3.892270466999946, 5.540450188000023], [-3.892476079999938, 5.540312394000068], [-3.892646614999933, 5.539659090000043], [-3.892611021999926, 5.538799870000048], [-3.892336287999967, 5.538594059000047], [-3.891993257999957, 5.538594575000047], [-3.891616233999969, 5.538801368000065], [-3.891307917999939, 5.539076800000032], [-3.890759429999946, 5.53931822100003], [-3.890313591999927, 5.539387634000036], [-3.889970354999946, 5.539250666000044], [-3.889695056999926, 5.538666773000045], [-3.889865954999948, 5.538254065000046], [-3.889899588999981, 5.537807192000059], [-3.890413722999938, 5.537531452000053], [-3.890413413999966, 5.537325227000053], [-3.89024169399994, 5.537188001000061], [-3.890138732999958, 5.537153785000044], [-3.889898817999949, 5.537291629000038], [-3.88955630199996, 5.53763585300004], [-3.889282083999944, 5.537773748000063], [-3.888836246999972, 5.537843159000033], [-3.888647169999956, 5.537568475000057], [-3.888646501999972, 5.537121653000042], [-3.88874889799996, 5.536777790000031], [-3.888748435999958, 5.536468452000065], [-3.888439605999963, 5.536400173000061], [-3.888027765999936, 5.53626330700007], [-3.887650330999975, 5.536195130000067], [-3.88730673799995, 5.53581756400007], [-3.887100304999933, 5.535405421000064], [-3.887030828999968, 5.534821218000047], [-3.887167373999944, 5.53437419100004], [-3.887131175999968, 5.533102519000067], [-3.886822450999944, 5.53310298100007], [-3.886239763999924, 5.533413191000022], [-3.885862330999942, 5.53334501300003], [-3.885518893999972, 5.533070558000077], [-3.884728346999964, 5.532006236000029], [-3.884504664999952, 5.531525376000047], [-3.884160718999965, 5.530907210000066], [-3.883782777999954, 5.530495321000046], [-3.88361090799998, 5.530254980000052], [-3.883610397999973, 5.52991127100006], [-3.884090582999931, 5.529876185000035], [-3.884365105999962, 5.529944517000047], [-3.88474279199994, 5.530184551000048], [-3.884948811999948, 5.530321728000047], [-3.885291889999962, 5.530355587000031], [-3.885771819999945, 5.530148645000054], [-3.886011528999973, 5.529873319000046], [-3.886011017999977, 5.529529610000054], [-3.885839146999956, 5.529289270000049], [-3.885084184999926, 5.529084170000033], [-3.884740597999951, 5.528706601000067], [-3.884363065999935, 5.528569680000032], [-3.883402695999962, 5.528639852000026], [-3.882888106999928, 5.528606247000027], [-3.882647632999976, 5.528366008000035], [-3.882578772999977, 5.528194255000074], [-3.882818432999954, 5.527884559000029], [-3.883332562999954, 5.527608826000062], [-3.883811981999941, 5.527058176000025], [-3.884394664999945, 5.526747969000041], [-3.884428507999928, 5.526438580000047], [-3.884222234999925, 5.526129548000029], [-3.883982066999977, 5.526095534000035], [-3.882918692999965, 5.526097116000074], [-3.882729723999944, 5.525891171000069], [-3.882660660999932, 5.525581935000048], [-3.883037630999979, 5.525340777000054], [-3.883346097999947, 5.525168463000057], [-3.883894985999973, 5.525202017000026], [-3.884032042999934, 5.525098700000058], [-3.883928727999944, 5.524823886000036], [-3.883585398999969, 5.524618171000043], [-3.883139315999927, 5.524515721000057], [-3.882659236999928, 5.524619548000032], [-3.882247709999945, 5.524688901000047], [-3.881938633999937, 5.524448763000066], [-3.881766460999927, 5.524002195000037], [-3.881697246999977, 5.52358984500006], [-3.881422574999931, 5.523418398000047], [-3.88111349899998, 5.523178259000076], [-3.880769765999958, 5.522697574000063], [-3.880597949999981, 5.522491602000059], [-3.88004850599998, 5.522079964000056], [-3.879396459999953, 5.521874703000037], [-3.87881357599997, 5.522047420000035], [-3.878436807999947, 5.522426059000054], [-3.877511254999945, 5.522839880000049], [-3.877237038999965, 5.522977769000022], [-3.876722554999958, 5.523012900000026], [-3.876173415999972, 5.522807484000055], [-3.875744031999943, 5.522395663000054], [-3.875331899999935, 5.52205256000002], [-3.87492002099998, 5.521881311000072], [-3.874267472999975, 5.521332334000022], [-3.874027004999959, 5.521092089000035], [-3.873957896999968, 5.520748480000066], [-3.874025745999973, 5.520232813000064], [-3.874334011999963, 5.519923020000022], [-3.874779737999972, 5.519784880000032], [-3.875500031999934, 5.519749448000027], [-3.875945707999961, 5.519576936000021], [-3.876014109999971, 5.519439351000074], [-3.875842397999975, 5.519302119000031], [-3.875567829999966, 5.519199411000045], [-3.875122003999934, 5.519268809000039], [-3.874469961999978, 5.519063542000026], [-3.874161091999952, 5.518960883000034], [-3.873577352999973, 5.518549288000031], [-3.873336584999947, 5.518102817000056], [-3.873301930999958, 5.517862270000023], [-3.873472887999981, 5.517483936000076], [-3.873884109999949, 5.517208363000066], [-3.87470710499997, 5.517035297000064], [-3.875050124999973, 5.51703479300005], [-3.875392690999945, 5.516724949000036], [-3.875528990999953, 5.516106068000056], [-3.875545789999933, 5.515865446000021], [-3.875476731999925, 5.515556207000031], [-3.875167763999968, 5.515384806000043], [-3.874858895999978, 5.51528214700005], [-3.874104204999981, 5.515248886000052], [-3.873726783999928, 5.515180698000052], [-3.873589274999972, 5.51497467300004], [-3.873554519999971, 5.514665384000068], [-3.873622771999976, 5.514424686000041], [-3.873794230999977, 5.514390063000064], [-3.874308757999927, 5.514389307000044], [-3.874686228999963, 5.514491865000025], [-3.874651574999973, 5.514251319000039], [-3.874479914999938, 5.514148458000022], [-3.873965035999959, 5.513908616000037], [-3.873656118999975, 5.513771585000029], [-3.873346950999974, 5.513462699000058], [-3.873312045999967, 5.513050297000063], [-3.873620057999972, 5.512568649000059], [-3.873894119999932, 5.512327648000053], [-3.874408192999965, 5.512017553000021], [-3.874647851999953, 5.511707861000048], [-3.874647549999963, 5.511501635000059], [-3.874475538999945, 5.511158176000038], [-3.874475035999978, 5.510814466000056], [-3.874577488999932, 5.51050497500006], [-3.874748644999954, 5.510264126000038], [-3.874628236999968, 5.510023705000037], [-3.874422276999951, 5.509920894000061], [-3.874010406999957, 5.509749643000021], [-3.873598687999959, 5.50968150500006], [-3.873358275999976, 5.509475631000043], [-3.873117712999942, 5.509166643000071], [-3.872568687999944, 5.509029963000046], [-3.872259823999968, 5.508927302000075], [-3.87212246799993, 5.508824390000029], [-3.872087865999958, 5.508618214000023], [-3.872121765999964, 5.508343195000066], [-3.872430178999934, 5.508136517000025], [-3.872601585999973, 5.508067523000022], [-3.873150358999965, 5.508032348000029], [-3.873321715999964, 5.507928983000056], [-3.873355815999957, 5.507791449000024], [-3.873252560999958, 5.507551002000071], [-3.872977847999948, 5.507345178000037], [-3.87235997199997, 5.507036743000072], [-3.871810847999939, 5.506831319000071], [-3.871604588999958, 5.506522281000059], [-3.871569786999942, 5.506178620000071], [-3.87170654199997, 5.505869080000025], [-3.872083706999945, 5.505765414000052], [-3.872358016999954, 5.505696271000033], [-3.872700979999934, 5.50566139700004], [-3.872906336999961, 5.505351756000039], [-3.872905885999955, 5.505042417000027], [-3.872751178999977, 5.504802045000076], [-3.872613672999933, 5.504596020000065], [-3.87230496199993, 5.50459647200006], [-3.871893095999951, 5.504425218000051], [-3.871652736999977, 5.504253714000072], [-3.87144627899994, 5.503807191000021], [-3.87120546999995, 5.503326347000041], [-3.870896358999971, 5.503051829000071], [-3.87027853799998, 5.502777762000051], [-3.869557862999955, 5.502538215000072], [-3.869283303999964, 5.502435502000026], [-3.868288420999932, 5.502333838000027], [-3.868219518999979, 5.502127711000071], [-3.868424627999957, 5.50164621600004], [-3.868527082999947, 5.501336726000034], [-3.868526583999937, 5.500993015000063], [-3.868354580999949, 5.500649553000073], [-3.868114472999935, 5.500649903000067], [-3.86777195999997, 5.500994113000047], [-3.867635253999936, 5.501338024000063], [-3.867532997999945, 5.501784998000062], [-3.867465639999978, 5.502644376000035], [-3.867364330999976, 5.503744402000052], [-3.867159518999927, 5.504432124000061], [-3.866852150999932, 5.505360593000034], [-3.866475831999935, 5.506048565000071], [-3.86569641799997, 5.507001633000073], [-3.865510341999936, 5.50748851700007], [-3.864988224999934, 5.508088186000066], [-3.864465835999965, 5.508500695000066], [-3.863793210999972, 5.508351943000036], [-3.86323287099998, 5.508352755000033], [-3.862821468999925, 5.508016464000036], [-3.862559274999967, 5.507530229000054], [-3.861961146999931, 5.507231640000043], [-3.86162421399996, 5.507202559000064], [-3.86125089899997, 5.506895780000036], [-3.86098876099993, 5.506446976000063], [-3.860875992999979, 5.505960524000045], [-3.86106153299994, 5.505099322000035], [-3.860949357999971, 5.505024620000029], [-3.859642064999946, 5.505138803000023], [-3.858857859999944, 5.505327093000062], [-3.858559388999936, 5.505589547000056], [-3.858112137999967, 5.506301398000062], [-3.857365554999944, 5.506676792000064], [-3.856842731999961, 5.506789840000067], [-3.85635694399997, 5.506678243000067], [-3.855946027999948, 5.506678833000024], [-3.85566171499994, 5.506886075000068], [-3.855611215999943, 5.507652545000042], [-3.855499843999951, 5.508139321000044], [-3.855052372999978, 5.508701443000064], [-3.854604794999943, 5.509188701000028], [-3.854268856999965, 5.509376343000042], [-3.853708032999975, 5.509040259000074], [-3.853446486999928, 5.509003202000031], [-3.853372147999949, 5.509265332000041], [-3.853447501999938, 5.509714408000036], [-3.853373430999966, 5.510163698000042], [-3.852739228999951, 5.510763519000022], [-3.852068202999931, 5.511737711000023], [-3.851657442999965, 5.511850595000055], [-3.850984761999939, 5.511664397000061], [-3.850610505999953, 5.511178316000041], [-3.850460174999967, 5.510542187000055], [-3.850496519999979, 5.509830926000063], [-3.850607949999926, 5.509381583000049], [-3.850588072999926, 5.50902351600007], [-3.850529195999968, 5.508730703000026], [-3.850675014999979, 5.50849617700004], [-3.850791602999948, 5.508261693000065], [-3.851141949999942, 5.507968296000058], [-3.851141490999964, 5.507646110000053], [-3.85111117699995, 5.50688462100004], [-3.850847646999966, 5.506562811000038], [-3.850379629999964, 5.506329162000043], [-3.849911987999974, 5.506359119000024], [-3.84950338799996, 5.506799047000072], [-3.849299482999925, 5.507297263000055], [-3.848773753999978, 5.507590909000044], [-3.848540326999967, 5.507884139000055], [-3.848336088999929, 5.508148037000069], [-3.847897716999967, 5.508207240000047], [-3.847576016999938, 5.508090539000023], [-3.847312611999939, 5.507856596000067], [-3.84658081699996, 5.50712539400007], [-3.846010245999935, 5.506716148000066], [-3.845717321999928, 5.506277218000037], [-3.845073097999943, 5.505458020000049], [-3.844721342999947, 5.504755565000039], [-3.844720019999954, 5.503818295000031], [-3.844777570999952, 5.503173839000056], [-3.844923183999981, 5.50279286600005], [-3.845331578999946, 5.502206493000074], [-3.845623547999935, 5.50197176100005], [-3.845856974999947, 5.501678532000028], [-3.845958783999947, 5.501326911000035], [-3.845870637999951, 5.501004849000026], [-3.845811971999979, 5.500858484000048], [-3.844290029999968, 5.499454732000061], [-3.844172655999955, 5.499132711000073], [-3.844172036999964, 5.498693366000055], [-3.844376150999949, 5.49834160000006], [-3.844784996999977, 5.498077414000022], [-3.845018877999962, 5.498106372000052], [-3.845252798999979, 5.498164621000058], [-3.845486472999937, 5.498047131000021], [-3.84563191999996, 5.49754899900006], [-3.845573170999955, 5.497344054000052], [-3.845309812999972, 5.497139399000048], [-3.84507597399994, 5.497139730000072], [-3.84472558799996, 5.497403834000067], [-3.844521473999976, 5.497755600000062], [-3.844170798999926, 5.497814675000029], [-3.843498882999938, 5.498079233000055], [-3.843235689999972, 5.497991736000074], [-3.84294302099994, 5.497728542000061], [-3.842562949999945, 5.497670499000037], [-3.842183043999967, 5.497729615000026], [-3.841861679999965, 5.497847227000022], [-3.841539986999976, 5.49773052200004], [-3.841422861999945, 5.497584238000059], [-3.841247111999962, 5.497320878000039], [-3.841261521999968, 5.497174409000024], [-3.841494866999938, 5.496822603000055], [-3.841552873999944, 5.496500333000029], [-3.841405984999938, 5.495973324000033], [-3.841434844999981, 5.495709676000047], [-3.841521464999971, 5.494948020000038], [-3.841842374999942, 5.494508221000046], [-3.842163037999967, 5.493892684000059], [-3.842659160999972, 5.493335478000063], [-3.843301347999954, 5.492719487000045], [-3.843564167999943, 5.492543377000061], [-3.843724518999977, 5.492250253000066], [-3.843928342999959, 5.491693460000022], [-3.843635634999941, 5.491400976000023], [-3.843079861999968, 5.491108863000022], [-3.842231711999943, 5.490758582000069], [-3.841763463999939, 5.490349185000071], [-3.841265822999958, 5.489822670000024], [-3.841177928999969, 5.489676344000031], [-3.841002551999964, 5.489676591000034], [-3.840564273999973, 5.489794367000059], [-3.840272347999928, 5.490058385000054], [-3.83983415199998, 5.490234740000062], [-3.839746134999928, 5.490000546000033], [-3.83983324999997, 5.489590366000073], [-3.840095863999977, 5.489267809000069], [-3.840562878999947, 5.488798516000031], [-3.841146729999934, 5.48827047900005], [-3.841555365999966, 5.487859847000038], [-3.841642520999926, 5.487478957000064], [-3.841496003999964, 5.487215555000034], [-3.841349692999927, 5.48709860200006], [-3.840852137999946, 5.486630666000053], [-3.840384017999952, 5.486309136000045], [-3.839974683999969, 5.48622184200002], [-3.83968239099994, 5.486222252000061], [-3.839302531999977, 5.486310655000068], [-3.83896651799995, 5.486398996000048], [-3.837973414999965, 5.486898315000076], [-3.837155399999972, 5.487192359000062], [-3.836337262999962, 5.487398533000032], [-3.835753040999975, 5.487662958000044], [-3.834672121999972, 5.488074525000059], [-3.834116721999976, 5.488046011000051], [-3.833736575999978, 5.487929382000061], [-3.833590062999974, 5.487665978000052], [-3.833603416999949, 5.486757974000056], [-3.833551069999942, 5.485911951000048], [-3.833543615999929, 5.485791493000022], [-3.833396249999964, 5.484913003000031], [-3.833044604999941, 5.484269116000064], [-3.83251762499998, 5.483654763000061], [-3.832107887999939, 5.483274565000045], [-3.831961538999963, 5.483128319000059], [-3.831844175999947, 5.482806294000056], [-3.831580261999932, 5.482191574000069], [-3.831433588999971, 5.481811010000058], [-3.831228255999974, 5.481284077000055], [-3.831153602999962, 5.480141877000051], [-3.831094699999937, 5.479819770000063], [-3.830889609999929, 5.479468576000045], [-3.830626183999925, 5.479205333000039], [-3.830479836999928, 5.479059087000053], [-3.830216572999973, 5.47891300200007], [-3.829924, 5.478708379000068], [-3.829455567999958, 5.478152520000037], [-3.829396785999961, 5.477918283000065], [-3.829249954999966, 5.477420558000063], [-3.829453506999926, 5.476658739000072], [-3.829570261999947, 5.476541418000068], [-3.829979062999939, 5.476247953000041], [-3.830329687999949, 5.476159598000038], [-3.830592990999946, 5.476334972000075], [-3.830797916999927, 5.476569007000023], [-3.830944749999958, 5.477066731000036], [-3.831149918999927, 5.477476504000037], [-3.831384195999931, 5.477798368000037], [-3.831588839999938, 5.477827373000025], [-3.831822630999966, 5.477797759000055], [-3.832143824999946, 5.477562994000039], [-3.832610920999969, 5.477152287000024], [-3.833165256999962, 5.476419270000065], [-3.833719631999941, 5.475715542000046], [-3.833909131999974, 5.475363800000025], [-3.834405047999951, 5.474660154000048], [-3.834287644999961, 5.474308839000059], [-3.83384909199998, 5.474221580000062], [-3.833322607999946, 5.473958703000051], [-3.832942147999972, 5.473607754000057], [-3.832620104999933, 5.473227433000034], [-3.832560512999976, 5.472407400000066], [-3.832647428999962, 5.471850772000039], [-3.832441977999963, 5.471235970000066], [-3.832236972999965, 5.470943356000021], [-3.831856716999937, 5.470738855000036], [-3.831037627999933, 5.470242063000057], [-3.830510946999937, 5.469832734000022], [-3.829794240999945, 5.469394378000061], [-3.828682063999963, 5.468312190000063], [-3.827891846999933, 5.467551743000058], [-3.826516177999963, 5.466147724000052], [-3.826398541999936, 5.465620668000042], [-3.82660233699994, 5.465034589000027], [-3.826894299999935, 5.464799868000057], [-3.827463408999961, 5.464183996000031], [-3.828310145999978, 5.463538450000044], [-3.828982034999967, 5.463273914000069], [-3.829420096999968, 5.463009700000043], [-3.82977047299994, 5.462745607000045], [-3.830033285999946, 5.462569505000033], [-3.830208614999947, 5.462539972000059], [-3.830617769999947, 5.462510117000022], [-3.830821883999931, 5.462158356000032], [-3.830762983999932, 5.461836249000044], [-3.830587291999962, 5.461602173000074], [-3.830206800999974, 5.461221930000022], [-3.829855699999939, 5.460958806000065], [-3.829534028999944, 5.460842091000075], [-3.829358699999943, 5.46087162300006], [-3.828774417999966, 5.461077458000034], [-3.828628397999978, 5.461165530000073], [-3.828423598999962, 5.461019363000048], [-3.828423277999946, 5.460785044000033], [-3.828481331999967, 5.460492065000039], [-3.828627271999949, 5.460345414000074], [-3.828802559999929, 5.460286592000045], [-3.829328464999946, 5.46013941700005], [-3.830058805999954, 5.459874800000023], [-3.830847844999937, 5.459785840000052], [-3.831432083999971, 5.459550712000066], [-3.832162099999948, 5.459051774000045], [-3.832746458999964, 5.458904515000029], [-3.833374618999926, 5.458727905000046], [-3.834134386999949, 5.458609692000039], [-3.834777281999948, 5.45852093000002], [-3.835507373999974, 5.458080567000025], [-3.836237180999944, 5.457435176000047], [-3.836587388999931, 5.457053921000067], [-3.836616088999961, 5.456673113000022], [-3.836469584999975, 5.456409708000024], [-3.836001856999928, 5.456351779000045], [-3.835183393999955, 5.456294337000031], [-3.834861643999943, 5.456119044000047], [-3.834656805999941, 5.455943589000071], [-3.834422334999942, 5.455475277000062], [-3.834363352999958, 5.455094591000034], [-3.834391852999943, 5.454567334000046], [-3.834653931999981, 5.453864013000043], [-3.834945602999937, 5.453424261000066], [-3.835076034999929, 5.452633254000034], [-3.834929369999941, 5.452252689000034], [-3.834753800999977, 5.452106483000023], [-3.834519938999961, 5.452077518000067], [-3.834286238999937, 5.452165712000067], [-3.833526761999963, 5.452488953000056], [-3.833030011999938, 5.452577510000026], [-3.832854564999934, 5.452519173000042], [-3.832737531999953, 5.452431466000064], [-3.832620177999956, 5.452109440000072], [-3.832560995999927, 5.451582304000056], [-3.832472626999959, 5.451084498000057], [-3.832355433999965, 5.450879631000021], [-3.832121208999979, 5.450587056000074], [-3.831974505999938, 5.450177200000041], [-3.832061745999965, 5.44985489100003], [-3.832207681999932, 5.449708240000064], [-3.83267451699993, 5.449121797000032], [-3.832820009999978, 5.448652958000025], [-3.832935951999957, 5.447949840000035], [-3.832818153999938, 5.447305626000059], [-3.832583688999932, 5.446837312000071], [-3.832450915999971, 5.445929509000052], [-3.832449101999941, 5.444611467000072], [-3.832535655999948, 5.443791230000045], [-3.832973340999956, 5.443263408000064], [-3.832972735999931, 5.442824060000021], [-3.832884287999946, 5.442267675000039], [-3.832269629999928, 5.441624146000038], [-3.832035208999969, 5.441185121000046], [-3.831186493999951, 5.440366175000065], [-3.830806459999962, 5.440308119000065], [-3.830397319999975, 5.440337972000066], [-3.830163622999976, 5.44042616400003], [-3.829871671999967, 5.440660885000057], [-3.829462811999974, 5.440895767000029], [-3.829229275999978, 5.441101117000073], [-3.828908256999966, 5.44145303800002], [-3.82849947699998, 5.441746499000033], [-3.827623298999924, 5.442216341000062], [-3.827097247999973, 5.44224635300003], [-3.826600223999947, 5.442129875000035], [-3.826249176999966, 5.441896037000049], [-3.826015038999969, 5.441662038000061], [-3.825943379999956, 5.441554638000071], [-3.825784097999929, 5.441375035000021], [-3.82570385799994, 5.441166815000031], [-3.825719564999929, 5.440958463000072], [-3.825783244999968, 5.440750047000051], [-3.825992668999959, 5.440413227000022], [-3.826279426999974, 5.439987161000033], [-3.826628478999964, 5.43943581000002], [-3.826830677999965, 5.438840842000047], [-3.826736382999968, 5.438402778000068], [-3.826423503999933, 5.437996313000042], [-3.82607956399994, 5.437715088000061], [-3.825485209999954, 5.437027312000055], [-3.82529679299995, 5.436276380000038], [-3.825170798999977, 5.435494064000068], [-3.825232581999956, 5.434993187000032], [-3.825200794999944, 5.434586336000052], [-3.825200198999937, 5.434148143000073], [-3.825261981999972, 5.433647266000037], [-3.825401886999941, 5.433177581000052], [-3.825806966999949, 5.432488437000075], [-3.825966606999941, 5.432311776000063], [-3.825889377999943, 5.432196025000053], [-3.825522689999957, 5.432110088000059], [-3.825005061999946, 5.432024357000046], [-3.824401180999928, 5.431938744000036], [-3.824142366999979, 5.431895878000034], [-3.823602940999933, 5.431637300000034], [-3.823279408999952, 5.431572912000036], [-3.823020682999925, 5.431594874000041], [-3.822568065999974, 5.431746758000031], [-3.822093973999927, 5.431963499000062], [-3.822007926999959, 5.432114883000054], [-3.821771114999933, 5.43239612900004], [-3.821513178999965, 5.43300154700006], [-3.821319960999972, 5.433628487000021], [-3.820889694999948, 5.43436379700006], [-3.820458989999963, 5.434774964000042], [-3.820329669999978, 5.434818359000076], [-3.820200261999958, 5.434796925000057], [-3.819876435999959, 5.434516441000028], [-3.819617152999967, 5.434127821000061], [-3.819357841999931, 5.433717591000061], [-3.819195592999961, 5.433328840000058], [-3.819022884999924, 5.43317780700005], [-3.818871826999953, 5.433091574000059], [-3.818721002999951, 5.433178216000044], [-3.818570294999972, 5.433351297000058], [-3.818398489999936, 5.433870160000026], [-3.818269490999967, 5.434151259000032], [-3.818097394999938, 5.434454026000026], [-3.817914230999975, 5.434664300000065], [-3.817547685999955, 5.43466479600005], [-3.817039894999937, 5.434467688000041], [-3.816557542999931, 5.434137013000054], [-3.81648421899996, 5.434112630000072], [-3.816471931999956, 5.434079929000063], [-3.815977697999926, 5.433480144000043], [-3.815554143999975, 5.433021547000067], [-3.815412642999945, 5.432633210000063], [-3.815412025999933, 5.432174042000042], [-3.81562273399993, 5.43160862600007], [-3.816749655999956, 5.43093600900005], [-3.817770889999963, 5.430298854000057], [-3.818369426999936, 5.42983887500003], [-3.818615756999975, 5.429555975000028], [-3.81857993999995, 5.429132175000063], [-3.818332705999978, 5.428743983000061], [-3.817979928999932, 5.42849721500005], [-3.817556710999952, 5.428285864000031], [-3.817063099999928, 5.428145248000021], [-3.81551234799997, 5.428147343000035], [-3.815265683999939, 5.428182997000022], [-3.814278651999928, 5.428043044000049], [-3.813890679999929, 5.427831643000047], [-3.813537904999976, 5.427584872000068], [-3.813308626999969, 5.427443898000035], [-3.813308295999946, 5.427196653000067], [-3.813519288999942, 5.426843162000068], [-3.813695367999969, 5.426736962000064], [-3.814117731999943, 5.42631254500003], [-3.81432891299994, 5.426100336000047], [-3.81450461299994, 5.425711571000022], [-3.814786376999962, 5.425569908000057], [-3.81513872499994, 5.425498792000042], [-3.815526363999936, 5.425462948000074], [-3.815878900999962, 5.425533114000075], [-3.816936511999927, 5.42574361000004], [-3.817676545999973, 5.425671969000064], [-3.818064136999965, 5.425600803000066], [-3.81834589999994, 5.425459139000054], [-3.818979484999943, 5.424857829000075], [-3.819225574999962, 5.424398326000073], [-3.819224907999967, 5.423903837000069], [-3.819083645999967, 5.423692105000043], [-3.818766258999972, 5.423551251000049], [-3.818166776999931, 5.423304818000076], [-3.817460896999933, 5.422564037000029], [-3.816789978999964, 5.421611283000061], [-3.816313140999966, 5.420834871000068], [-3.815853594999965, 5.419811189000029], [-3.815464869999971, 5.419034657000054], [-3.815429009999946, 5.418575535000059], [-3.815322331999937, 5.417869264000046], [-3.815603902999953, 5.417586319000065], [-3.816026400999931, 5.417267863000063], [-3.816660551999973, 5.417090404000021], [-3.817541596999945, 5.417053895000038], [-3.817929324999966, 5.41708869200005], [-3.818317385999933, 5.417370733000041], [-3.818599810999956, 5.417723559000024], [-3.818952723999928, 5.418076289000055], [-3.81923476999998, 5.418146549000028], [-3.819657408999944, 5.417934052000021], [-3.819939025999929, 5.417686426000046], [-3.820079714999963, 5.417474311000035], [-3.820290366999927, 5.416873574000022], [-3.820359758999928, 5.41606110400005], [-3.820569838999972, 5.415036519000068], [-3.820515877999981, 5.414224216000036], [-3.820479967999972, 5.413729774000046], [-3.820338374999949, 5.413270797000052], [-3.820055855999954, 5.412847331000023], [-3.819879305999962, 5.412600325000028], [-3.819631840999932, 5.412035528000047], [-3.819560878999937, 5.411682417000065], [-3.81966622799996, 5.411399709000023], [-3.819877592999944, 5.411328781000066], [-3.820300513999939, 5.411328209000033], [-3.820935417999976, 5.411715877000063], [-3.82135881499994, 5.41206851100003], [-3.821782545999952, 5.412668388000043], [-3.822029869999938, 5.413127222000071], [-3.82210054799998, 5.413268409000068], [-3.822312198999953, 5.413409404000049], [-3.822594146999961, 5.413409022000053], [-3.822734786999945, 5.413161586000058], [-3.822874900999977, 5.412525623000022], [-3.822803745999977, 5.412031230000025], [-3.822697585999947, 5.411713488000032], [-3.822450548999939, 5.411466579000034], [-3.821815691999973, 5.411114233000035], [-3.821110110999939, 5.410585378000064], [-3.820757343999958, 5.410338611000043], [-3.820439583999928, 5.409915193000074], [-3.820086294999953, 5.409279898000023], [-3.820015332999958, 5.408926786000052], [-3.820261654999968, 5.408643888000029], [-3.820684429999972, 5.408537354000032], [-3.820895793999966, 5.408466426000075], [-3.821423870999979, 5.408041863000051], [-3.821898985999951, 5.407546729000046], [-3.822215649999976, 5.407157772000062], [-3.822778632999928, 5.406485916000065], [-3.823482729999967, 5.405919830000073], [-3.824538777999976, 5.405000058000041], [-3.824890729999936, 5.404646373000048], [-3.825242393999929, 5.404080764000071], [-3.825594391999971, 5.403762399000072], [-3.825840852999931, 5.403585461000034], [-3.82612265299997, 5.403479115000039], [-3.826475032999952, 5.403443315000061], [-3.827109116999964, 5.403230527000062], [-3.827637039999956, 5.40269999800006], [-3.827847920999943, 5.402275863000057], [-3.828005841999925, 5.401781158000063], [-3.828039790999981, 5.400827454000023], [-3.828074121999975, 5.400156315000061], [-3.827932863999933, 5.399944584000025], [-3.827756506999947, 5.399838862000024], [-3.827227580999931, 5.399627659000032], [-3.826839672999938, 5.39945158300003], [-3.826274977999958, 5.398851900000068], [-3.826133433999928, 5.398428245000048], [-3.82602722799993, 5.398075182000071], [-3.826484232999974, 5.39722686500005], [-3.826835652999932, 5.396484653000073], [-3.826975905999973, 5.395954652000057], [-3.826996537999946, 5.395638], [-3.827010429999973, 5.395424795000054], [-3.826903985999934, 5.394895130000066], [-3.826920937999944, 5.394400617000031], [-3.82709671899994, 5.394082492000052], [-3.827307980999933, 5.39394092200007], [-3.82751929099993, 5.393834672000025], [-3.827660307999963, 5.393869801000051], [-3.827942389999976, 5.39397537900004], [-3.828259857999967, 5.394186871000045], [-3.828824548999933, 5.394786553000074], [-3.829071436999925, 5.394927499000062], [-3.829388809999955, 5.395068348000052], [-3.829776523999953, 5.39510314000006], [-3.830164044999947, 5.394996649000063], [-3.830269579999936, 5.394855222000047], [-3.830374442999926, 5.394219308000061], [-3.830020867999963, 5.393372095000075], [-3.829879658999971, 5.393195684000034], [-3.829879131999974, 5.392807158000039], [-3.830019380999943, 5.392277157000024], [-3.830230593999943, 5.392100265000067], [-3.830582726999978, 5.391887861000043], [-3.83114554399998, 5.391110038000022], [-3.831391806999932, 5.390791816000046], [-3.831672877999949, 5.390155660000062], [-3.831777594999949, 5.389413784000055], [-3.831741247999958, 5.388601459000029], [-3.831652565999946, 5.38817773300002], [-3.831405392999955, 5.387824864000038], [-3.831087447999948, 5.387260168000068], [-3.830839986999933, 5.386695375000045], [-3.83052257099996, 5.38651920500007], [-3.829958892999969, 5.386661256000025], [-3.829148904999954, 5.387086207000038], [-3.82890225999995, 5.387121864000051], [-3.828267953999955, 5.38715804800006], [-3.827597879999928, 5.386805752000043], [-3.827033293999932, 5.386276709000072], [-3.826680206999924, 5.38578269900006], [-3.826432177999948, 5.384794056000032], [-3.826290161999964, 5.384017194000023], [-3.826324878999969, 5.383628619000035], [-3.826605667999956, 5.382780542000035], [-3.826746061999927, 5.38235650300004], [-3.827132812999935, 5.381684885000027], [-3.827484464999941, 5.381119277000039], [-3.827641857999936, 5.38023604600005], [-3.827711290999957, 5.379458897000063], [-3.82760365799993, 5.37804621600003], [-3.827566937999961, 5.37695132500005], [-3.827354154999966, 5.375962634000075], [-3.827287973999944, 5.375742616000025], [-3.827247953999972, 5.375609571000041], [-3.826824630999965, 5.375292259000048], [-3.825554756999964, 5.374410960000034], [-3.825078430999952, 5.373987756000076], [-3.82380823099993, 5.372859209000069], [-3.821232838999947, 5.370778754000071], [-3.819893161999971, 5.370392026000047], [-3.818925856999954, 5.370079528000076], [-3.818042207999952, 5.369794055000057], [-3.816173589999948, 5.369160780000072], [-3.815221614999928, 5.368808843000068], [-3.813212505999957, 5.368528954000055], [-3.812719179999931, 5.368564932000027], [-3.812648790999958, 5.368635667000035], [-3.812508247999972, 5.368953741000041], [-3.81254400399996, 5.369342223000046], [-3.812757718999933, 5.369981989000053], [-3.812885460999951, 5.370147948000067], [-3.81374584699995, 5.370729622000056], [-3.814833712999928, 5.371260310000025], [-3.815273928999943, 5.371437091000075], [-3.817313415999934, 5.372752054000046], [-3.818047259999958, 5.373232530000053], [-3.819085176999977, 5.374219395000068], [-3.819667766999942, 5.375029491000021], [-3.819896160999974, 5.375662682000041], [-3.819908626999961, 5.375828902000023], [-3.819947633999959, 5.375874389000046], [-3.820017408999945, 5.377036645000032], [-3.819949600999962, 5.377344416000028], [-3.819609552999964, 5.378131168000039], [-3.818928724999978, 5.379157685000052], [-3.818043005999925, 5.380013543000075], [-3.816987006999966, 5.38107474800006], [-3.816033242999936, 5.38206744200005], [-3.815318203999936, 5.383025628000041], [-3.81419329199997, 5.383574121000038], [-3.813871311999947, 5.383647181000072], [-3.812981155999978, 5.383898941000041], [-3.811089555999956, 5.383963624000046], [-3.80932179399997, 5.383872733000032], [-3.806747453999947, 5.383565340000075], [-3.804482939999957, 5.383039962000055], [-3.802326479999977, 5.382141463000039], [-3.799719185999948, 5.380342205000034], [-3.798027217999959, 5.378914706000046], [-3.795824140999969, 5.377923], [-3.794008304999977, 5.376619972000071], [-3.79189783299995, 5.375286239000047], [-3.789524136999944, 5.374232566000046], [-3.788344804999952, 5.373519231000046], [-3.787768113999959, 5.372909595000067], [-3.786993997999957, 5.372091253000065], [-3.786154674999977, 5.370507210000028], [-3.786029955999936, 5.369978995000054], [-3.78578147199994, 5.369668506000039], [-3.785626338999975, 5.369606544000021], [-3.785378333999972, 5.369669025000064], [-3.784975989999964, 5.370291160000022], [-3.783612828999935, 5.371318580000036], [-3.782497630999956, 5.372252437000043], [-3.78203302299994, 5.372688165000056], [-3.780608700999949, 5.374399439000058], [-3.779586445999939, 5.375271011000052], [-3.778423927999938, 5.375583305000021], [-3.776718400999926, 5.375647640000068], [-3.776160122999954, 5.375586189000046], [-3.775415700999929, 5.375462811000034], [-3.774360854999941, 5.375091179000037], [-3.773212779999938, 5.374564259000067], [-3.772111262999942, 5.374068357000056], [-3.770342464999942, 5.373138163000021], [-3.768821914999933, 5.37233197300003], [-3.767891080999959, 5.371929092000073], [-3.767549610999936, 5.371649792000028], [-3.767083941999942, 5.371246324000026], [-3.76663401199994, 5.371029321000037], [-3.766013677999979, 5.370936857000061], [-3.764927754999974, 5.370503083000074], [-3.764369248999969, 5.370255134000047], [-3.763872649999939, 5.369913864000068], [-3.763251930999957, 5.369510586000047], [-3.761481960999959, 5.367616850000047], [-3.760814382999968, 5.36693389800007], [-3.759261540999944, 5.365070965000029], [-3.759013071999959, 5.364760462000049], [-3.758670994999932, 5.363983860000076], [-3.758142242999952, 5.362710191000076], [-3.756977548999942, 5.361250821000056], [-3.756200986999943, 5.360195024000063], [-3.756045322999967, 5.359697918000052], [-3.756013586999927, 5.359107416000029], [-3.756105585999933, 5.358268113000065], [-3.755934379999928, 5.357739945000048], [-3.755623512999932, 5.357118707000041], [-3.755250282999953, 5.356217815000036], [-3.75500113399994, 5.355347851000033], [-3.755062466999959, 5.354788315000064], [-3.755185973999971, 5.354353027000059], [-3.755371461999971, 5.35388658100004], [-3.756300809999971, 5.353108407000036], [-3.757230078999953, 5.352268069000047], [-3.759507089999943, 5.350462547000063], [-3.761768581999945, 5.348657039000045], [-3.764913024999942, 5.346197720000021], [-3.766399902999979, 5.344921542000066], [-3.766925595999965, 5.343739805000041], [-3.766831369999977, 5.342776410000056], [-3.766784275999953, 5.342310253000051], [-3.766163198999948, 5.341596164000066], [-3.765666392999947, 5.341068406000034], [-3.763617888999931, 5.339547984000035], [-3.762624591999952, 5.338741110000058], [-3.760917970999969, 5.337841874000048], [-3.760312945999942, 5.33756289300004], [-3.758855128999926, 5.337253884000063], [-3.757800624999959, 5.337099780000074], [-3.75631225799998, 5.337163775000022], [-3.755289027999936, 5.337227196000072], [-3.75448271199997, 5.337166024000055], [-3.753846945999953, 5.337104642000043], [-3.752761204999956, 5.336764081000069], [-3.750992353999948, 5.335678404000021], [-3.74819828699998, 5.333008828000061], [-3.746568468999953, 5.331487830000071], [-3.745915778999972, 5.330245373000025], [-3.745573143999934, 5.328971459000059], [-3.745432629999925, 5.328163517000064], [-3.745086478999951, 5.323967971000059], [-3.745021842999961, 5.321792364000032], [-3.745498958999974, 5.318870151000056], [-3.745558431999939, 5.31675655600003], [-3.745416876999968, 5.31507834100006], [-3.745012499999973, 5.314022067000053], [-3.744701820999978, 5.31352514200006], [-3.744049605999976, 5.312655654000025], [-3.74229545299994, 5.310823972000037], [-3.740681699999925, 5.309706984000059], [-3.737765581999952, 5.308560466000074], [-3.735236961999931, 5.307320228000037], [-3.733809311999948, 5.306234079000035], [-3.732444159999943, 5.30555190900003], [-3.731063945999949, 5.305242729000042], [-3.726257657999952, 5.30518623200004], [-3.725342889999979, 5.305156225000076], [-3.723668065999959, 5.304816292000055], [-3.721930506999968, 5.303854800000067], [-3.720270362999941, 5.302799968000045], [-3.718811738999932, 5.301713815000028], [-3.717144240999971, 5.300652876000072], [-3.717134474999966, 5.300646662000077], [-3.718319274999942, 5.300191214000051], [-3.722483482999962, 5.298590455000067], [-3.723197024999934, 5.298316163000038], [-3.723237505999975, 5.298300547000053], [-3.727847747999931, 5.296522115000073], [-3.731192681999971, 5.295231783000077], [-3.736282651999943, 5.293276038000045], [-3.738509028999943, 5.292420586000048], [-3.741245549999974, 5.291368607000038], [-3.743458868999937, 5.290517759000068], [-3.745581170999969, 5.289701900000068], [-3.745581170999969, 5.289132134000056], [-3.747059813999954, 5.289132134000056], [-3.74823860999993, 5.288676809000037], [-3.751202232999958, 5.287532073000023], [-3.753102662999936, 5.286798008000062], [-3.757048035999958, 5.285256608000054], [-3.759099121999952, 5.284455279000042], [-3.760031271999935, 5.284096774000034], [-3.763440292999974, 5.282785665000063], [-3.766104679999955, 5.281760942000062], [-3.768437650999942, 5.28086802200005], [-3.772838503999935, 5.279183643000067], [-3.776343926999971, 5.27782535700004], [-3.777018884999961, 5.277564295000047], [-3.780169137999962, 5.27634583300005], [-3.783219354999972, 5.275178350000033], [-3.783246815999973, 5.275167839000062], [-3.785236292999969, 5.274406358000022], [-3.78581178099995, 5.274136261000024], [-3.785811829999943, 5.27413623800004], [-3.785832360999962, 5.274126602000024], [-3.788080758999968, 5.275618415000054], [-3.791871209999954, 5.278124622000064], [-3.795087077999938, 5.280262023000034], [-3.795582115999935, 5.28059104600004], [-3.796356456999945, 5.281103254000072], [-3.799611398999957, 5.283256320000021], [-3.800699056999974, 5.283981141000027], [-3.803103491999934, 5.285583470000063], [-3.803714824999929, 5.285986749000074], [-3.806026911999936, 5.287511967000057], [-3.806026956999972, 5.287511997000024], [-3.807053233999966, 5.28818900300007], [-3.809522056999981, 5.289828238000041], [-3.809809131999941, 5.290018848000045], [-3.809809304999931, 5.290018600000053], [-3.811750624999945, 5.287230901000044], [-3.812360674999979, 5.286354881000022], [-3.812358256999971, 5.286354480000057], [-3.812358212999925, 5.286354473000074], [-3.812347426999963, 5.286352685000054], [-3.814105924999978, 5.283833448000053], [-3.814111926999942, 5.28382485000003], [-3.815731486999937, 5.281504656000038], [-3.816833900999939, 5.279901868000024], [-3.818542210999965, 5.277466752000066], [-3.818577984999934, 5.277415758000075], [-3.81867184999993, 5.27728195800006], [-3.818652565999969, 5.277270709000049], [-3.818654134999974, 5.277268464000031], [-3.818677849999972, 5.277234523000061], [-3.818744662999961, 5.277138903000036], [-3.818757199999936, 5.277120961000037], [-3.819078459999957, 5.276661187000059], [-3.819689714999924, 5.275779453000041], [-3.822395024999935, 5.271877024000048], [-3.82282158299995, 5.270552667000061], [-3.823069821999979, 5.269335881000075], [-3.823109058999933, 5.268896796000035], [-3.823133163999955, 5.268501809000043], [-3.823066426999958, 5.267972305000058], [-3.823015878999968, 5.267846113000076], [-3.822801321999975, 5.267331840000054], [-3.822361176999948, 5.266276833000063], [-3.822331395999925, 5.266205450000029], [-3.821332003999942, 5.263809951000042], [-3.819419408999977, 5.261791494000022], [-3.819417470999952, 5.261785418000045], [-3.819402588999935, 5.261769809000043], [-3.818999350999945, 5.260535683000057], [-3.81899823699996, 5.259684201000027], [-3.818987418999939, 5.258965581000041], [-3.81900785299996, 5.258879418000049], [-3.81908687899994, 5.25853788400002], [-3.819188263999933, 5.258099719000029], [-3.819369986999959, 5.257314355000062], [-3.819301762999942, 5.256856851000066], [-3.819054080999933, 5.255351892000022], [-3.81851544899996, 5.253676057000064], [-3.818444863999957, 5.25345644500004], [-3.818506300999957, 5.253115177000041], [-3.818528872999934, 5.25298979300004], [-3.818629837999936, 5.252428950000024], [-3.818733133999956, 5.251869486000032], [-3.818767242999968, 5.251781768000058], [-3.81877417499993, 5.251763940000046], [-3.818937439999956, 5.251344061000054], [-3.819042227999944, 5.251074575000075], [-3.819192784999927, 5.247518111000034], [-3.819829866999953, 5.247626096000033], [-3.820402040999966, 5.247723079000025], [-3.82539518599998, 5.248569411000062], [-3.830950289999976, 5.249510995000037], [-3.835427178999964, 5.250269823000053], [-3.835612106999974, 5.250301167000032], [-3.835821101999954, 5.250336591000064], [-3.836068184999931, 5.250378471000033], [-3.837257831999977, 5.250580115000048], [-3.837778474999936, 5.250668363000045], [-3.842285335999975, 5.251432271000056], [-3.845212250999964, 5.251928380000038], [-3.84568494399997, 5.252008501000034], [-3.845736670999941, 5.252017269000021], [-3.846274911999956, 5.252108500000077], [-3.846688601999972, 5.252178620000052], [-3.846892044999947, 5.251599285000054], [-3.847059469999976, 5.251122516000066], [-3.847086451999928, 5.251045680000061], [-3.847215135999932, 5.250679234000074], [-3.847372506999932, 5.250231095000061], [-3.847400737999976, 5.250150704000021], [-3.847448928999938, 5.250013473000024], [-3.847516762999931, 5.249820306000061], [-3.847554169999967, 5.249741674000063], [-3.847860174999937, 5.249098441000058], [-3.847960583999964, 5.248887376000027], [-3.848150908999969, 5.248487306000072], [-3.848307809999937, 5.248157494000054], [-3.848379005999959, 5.248007837000046], [-3.848474717999977, 5.247806646000072], [-3.848515714999962, 5.247720468000068], [-3.848536956999965, 5.247675817000072], [-3.848602296999957, 5.247544301000062], [-3.848603579999974, 5.247541718000036], [-3.848829671999965, 5.247086637000052], [-3.848899379999978, 5.246946328000035], [-3.849187815999926, 5.24636576000006], [-3.849335060999977, 5.246069383000076], [-3.84940183599997, 5.245934978000037], [-3.849845281999933, 5.24504240400006], [-3.849935165999966, 5.244861485000058], [-3.849936095999965, 5.244859613000074], [-3.84996754499997, 5.244796312000062], [-3.850239080999927, 5.24424975900007], [-3.850381793999929, 5.243962504000024], [-3.850473177999959, 5.24377856600006], [-3.850522533999936, 5.243679221000036], [-3.85052436999996, 5.243675526000061], [-3.850574441999925, 5.243574739000053], [-3.85069210599994, 5.243337903000054], [-3.850735258999975, 5.243251045000022], [-3.850742400999934, 5.243236669000055], [-3.85083039999995, 5.243059544000062], [-3.850903959999926, 5.242905863000033], [-3.850955797999973, 5.242797563000067], [-3.851049666999927, 5.242601452000031], [-3.851106610999977, 5.242482486000029], [-3.851182559999927, 5.242323814000031], [-3.851203668999972, 5.242280804000075], [-3.851341805999937, 5.241999350000071], [-3.851446862999978, 5.241785297000035], [-3.851487130999942, 5.241703251000047], [-3.851592146999963, 5.241427484000042], [-3.851646173999939, 5.241285610000034], [-3.85168811799997, 5.241175468000051], [-3.851728216999959, 5.241070171000047], [-3.851736498999969, 5.241048423000052], [-3.851864922999937, 5.240811502000042], [-3.851889159999928, 5.240766789000077], [-3.852012515999945, 5.240539219000027], [-3.852031547999957, 5.240489614000069], [-3.852059366999981, 5.240417107000042], [-3.852162685999929, 5.240147818000025], [-3.852191451999943, 5.240072844000053], [-3.852255599999978, 5.239910459000043], [-3.852329926999971, 5.239722305000043], [-3.852357224999935, 5.239653201000067], [-3.852358013999947, 5.23965120400004], [-3.85242055599997, 5.239509273000067], [-3.852518303999943, 5.23928744400007], [-3.852591200999939, 5.239122012000053], [-3.852617709999947, 5.239059455000074], [-3.852619341999969, 5.239055605000033], [-3.852621717999966, 5.239049998000041], [-3.852686974999926, 5.238896007000051], [-3.85277108899993, 5.238697516000059], [-3.852795503999971, 5.238629846000038], [-3.852805873999955, 5.238601103000065], [-3.852905258999954, 5.238325640000028], [-3.852908876999948, 5.238315611000075], [-3.852923314999941, 5.238275592000036], [-3.852924938999934, 5.238271092000048], [-3.852925361999951, 5.238269919000061], [-3.852933018999977, 5.238248697000074], [-3.852941633999933, 5.238224818000049], [-3.852979528999981, 5.238119783000059], [-3.852983359999939, 5.238109789000021], [-3.852989441999966, 5.238093923000065], [-3.852997290999951, 5.238073447000033], [-3.853003274999935, 5.238057837000042], [-3.853003344999934, 5.238057653000055], [-3.853004324999972, 5.238055099000064], [-3.853012409999963, 5.238057653000055], [-3.853319078999959, 5.238154546000032], [-3.853358756999967, 5.238167082000075], [-3.853359696999973, 5.23816737900006], [-3.853572164999946, 5.238234509000051], [-3.853726354999935, 5.238283226000021], [-3.853878116999965, 5.238331175000042], [-3.85429742499997, 5.238463656000022], [-3.854304681999963, 5.238465949000044], [-3.854351165999958, 5.23847614500005], [-3.85441256799993, 5.238489614000059], [-3.85443973799994, 5.238495574000069], [-3.854673497999954, 5.238546851000024], [-3.854713807999929, 5.238555663000056], [-3.854955582999935, 5.238608513000031], [-3.854957543999944, 5.238608942000042], [-3.855365597999935, 5.238698139000064], [-3.855414411999959, 5.238708810000048], [-3.855435282999963, 5.238713372000063], [-3.855613089999963, 5.238752239000064], [-3.85562052399996, 5.238753864000046], [-3.855821982999942, 5.238798927000062], [-3.855854640999951, 5.238806232000059], [-3.855977799999948, 5.238833781000039], [-3.85598220199995, 5.238834766000025], [-3.856027083999948, 5.238845808000065], [-3.856047864999937, 5.238850921000051], [-3.85628201399993, 5.238908529000071], [-3.856307392999952, 5.238916405000055], [-3.856420022999941, 5.238951359000055], [-3.856529953999939, 5.238971260000028], [-3.856561074999945, 5.238976894000075], [-3.856595884999933, 5.238983196000049], [-3.856696039999974, 5.239001328000029], [-3.856750172999966, 5.239009510000074], [-3.856793368999945, 5.239016039000035], [-3.856829120999976, 5.239021442000023], [-3.856952166999974, 5.239040039000031], [-3.857117998999968, 5.23906510300003], [-3.857292689999952, 5.239091631000065], [-3.85731429599997, 5.239094912000041], [-3.857371806999936, 5.239103645000057], [-3.857619270999976, 5.239122680000037], [-3.857847698999933, 5.239160752000032], [-3.857915767999941, 5.239174272000071], [-3.857925842999975, 5.239176273000055], [-3.858195100999978, 5.239229756000043], [-3.858244357999979, 5.239238630000045], [-3.858303655999975, 5.239249314000062], [-3.858309310999971, 5.239230826000039], [-3.858318529999963, 5.239200688000039], [-3.858319783999946, 5.239196587000038], [-3.858386121999956, 5.239224394000075], [-3.858444049999946, 5.239235034000046], [-3.858478182999932, 5.239241303000028], [-3.858686753999962, 5.239279613000065], [-3.858686853999927, 5.239279631000045], [-3.858735902999967, 5.239288640000041], [-3.859025006999957, 5.239363593000064], [-3.859108394999964, 5.239390066000055], [-3.859184520999975, 5.239414233000048], [-3.859360314999947, 5.239470040000072], [-3.859474724999927, 5.239506361000053], [-3.859693108999977, 5.239558242000044], [-3.859983084999953, 5.23962713100002], [-3.860015439999927, 5.23963481800007], [-3.860095395999963, 5.239653813000075], [-3.86010263299994, 5.239655532000029], [-3.860120748999975, 5.239659836000044], [-3.860354848999975, 5.239698913000041], [-3.860535694999953, 5.239729100000034], [-3.860584766999978, 5.23973729100004], [-3.86069486699995, 5.239755669000033], [-3.860756674999948, 5.239765986000066], [-3.860902719999956, 5.239790365000033], [-3.860918738999942, 5.239744789000042], [-3.860991744999978, 5.239537071000029], [-3.860992119999935, 5.239536005000048], [-3.861085127999957, 5.239271379000058], [-3.861085361999926, 5.239270712000064], [-3.861102683999945, 5.239221428000064], [-3.861143599999934, 5.239105014000074], [-3.861143638999977, 5.239104902000065], [-3.86117607999995, 5.239012602000059], [-3.861210402999973, 5.238914944000044], [-3.861224862999961, 5.238873803000047], [-3.861241811999946, 5.238825580000025], [-3.861241870999947, 5.23882541100005], [-3.861244109999973, 5.238819041000056], [-3.861293394999961, 5.238678816000061], [-3.861296583999945, 5.23866974200007], [-3.861313732999974, 5.23862095100003], [-3.861321282999938, 5.238599469000064], [-3.861358786999972, 5.238472813000044], [-3.861392069999965, 5.23836041200002], [-3.861412262999977, 5.238292219000073], [-3.861449038999979, 5.238168021000035], [-3.861456946999965, 5.238141315000064], [-3.861457108999957, 5.238140767000061], [-3.861499024999944, 5.237999209000066], [-3.861524191999933, 5.237914218000071], [-3.861534395999968, 5.237879756000041], [-3.861649280999927, 5.237491773000045], [-3.861660278999977, 5.237452279000024], [-3.861662382999953, 5.237444724000056], [-3.861760001999926, 5.237094170000034], [-3.861781288999964, 5.237017729000058], [-3.861783238999976, 5.23701072800003], [-3.861843059999956, 5.236795911000058], [-3.862107411999943, 5.235846621000064], [-3.862119886999949, 5.235801822000042], [-3.862172301999976, 5.235605562000046], [-3.862203689999944, 5.23548803400007], [-3.862263858999938, 5.235262744000067], [-3.862330867999958, 5.235011840000027], [-3.862476405999928, 5.234466901000076], [-3.862481250999963, 5.234449007000023], [-3.862507240999946, 5.234353031000069], [-3.862616584999955, 5.233949239000026], [-3.862617723999961, 5.233945033000055], [-3.862629373999937, 5.233902010000065], [-3.862720403999958, 5.233565849000058], [-3.86275890099995, 5.233423684000059], [-3.862777914999981, 5.233353468000075], [-3.86278656199994, 5.233321535000073], [-3.862818664999963, 5.233202983000069], [-3.862832840999943, 5.23307946400007], [-3.862846715999979, 5.232958560000043], [-3.862852000999965, 5.232912510000062], [-3.862864211999977, 5.232806107000044], [-3.862875707999933, 5.23270593500007], [-3.862911197999949, 5.232594156000062], [-3.862930696999967, 5.232532743000036], [-3.863116671999933, 5.231946993000065], [-3.863120789999925, 5.231934024000054], [-3.863155956999947, 5.231823261000045], [-3.863445841999976, 5.230910234000021], [-3.863462081999955, 5.230859084000031], [-3.863488921999931, 5.230774549000046], [-3.863514856999927, 5.230694610000057], [-3.86355101099997, 5.230583171000035], [-3.863611269999979, 5.230397431000029], [-3.863637247999975, 5.230317358000036], [-3.863645872999939, 5.230290772000046], [-3.863710978999961, 5.230090092000069], [-3.86373998199997, 5.230000694000069], [-3.863755592999951, 5.229952576000073], [-3.863755785999956, 5.229951982000046], [-3.863764490999927, 5.229925149000053], [-3.863763251999956, 5.229924713000059], [-3.863763727999981, 5.22992320700007], [-3.863793728999951, 5.229828228000031], [-3.863820332999978, 5.229744006000033], [-3.863890518999938, 5.229779067000038], [-3.863950513999953, 5.229712056000039], [-3.864124149999952, 5.229751974000067], [-3.864224338999975, 5.229785301000049], [-3.864244423999935, 5.229825430000062], [-3.864311156999975, 5.229805260000035], [-3.864424651999968, 5.229805104000036], [-3.864551573999961, 5.229858471000057], [-3.864731868999968, 5.229884994000031], [-3.864818649999961, 5.22987818200005], [-3.864905560999944, 5.229965067000023], [-3.864965692999931, 5.229998450000039], [-3.864979108999933, 5.230045282000049], [-3.865019202999974, 5.230071997000039], [-3.86515940299995, 5.230071804000033], [-3.86524622099995, 5.230091763000075], [-3.865306417999932, 5.230171994000045], [-3.865333190999934, 5.230222154000046], [-3.865366654999946, 5.230282344000045], [-3.865386719999947, 5.230309087000023], [-3.86548686499998, 5.230308949000062], [-3.865566996999974, 5.230322224000076], [-3.86563382199995, 5.230368980000037], [-3.865713919999962, 5.230355484000029], [-3.865794078999954, 5.230388839000057], [-3.865894203999972, 5.230375314000071], [-3.86602107899995, 5.230395219000059], [-3.866114527999969, 5.230381704000024], [-3.866221357999962, 5.230388249000043], [-3.866314841999952, 5.230401505000032], [-3.866381603999969, 5.230401413000038], [-3.866481720999957, 5.230381197000042], [-3.866575223999973, 5.230407839000065], [-3.866668755999967, 5.230454560000055], [-3.866775638999968, 5.23050126000004], [-3.86687586499994, 5.230561358000045], [-3.867022796999947, 5.230601312000033], [-3.867096234999963, 5.230601210000032], [-3.867243222999946, 5.230681322000066], [-3.867267969999943, 5.230689553000047], [-3.86736345099996, 5.230721312000071], [-3.867457008999963, 5.230788110000049], [-3.867597300999932, 5.230854846000057], [-3.867704157999981, 5.230881470000043], [-3.867871062999939, 5.230881238000052], [-3.867923154999971, 5.230942783000046], [-3.867944620999936, 5.23096814400003], [-3.868051486999946, 5.231001459000026], [-3.868158323999978, 5.231014698000024], [-3.868285209999954, 5.231041294000022], [-3.868372101999967, 5.231114795000053], [-3.868452280999975, 5.231161534000023], [-3.868599184999937, 5.231181408000054], [-3.868679363999945, 5.231228148000071], [-3.868786229999955, 5.231261464000056], [-3.868893122999964, 5.231314858000076], [-3.868993414999977, 5.231421804000036], [-3.869053208999958, 5.23143456300005], [-3.869086908999975, 5.231441754000059], [-3.869167037999944, 5.231451681000067], [-3.869233799999961, 5.231451589000073], [-3.869340590999968, 5.23143136300007], [-3.869460817999936, 5.231471353000074], [-3.86952763599993, 5.231511417000036], [-3.869647844999974, 5.231538021000063], [-3.869714681999938, 5.231591472000048], [-3.869754784999941, 5.231624880000027], [-3.869808267999929, 5.231678350000038], [-3.869881761999977, 5.231718404000048], [-3.870008646999963, 5.231744999000057], [-3.870102133999978, 5.231758255000045], [-3.870182283999952, 5.231784915000048], [-3.870269139999948, 5.231831645000057], [-3.870429396999953, 5.231851500000062], [-3.870489501999941, 5.231864804000054], [-3.87056288499997, 5.231824543000073], [-3.870669739999926, 5.231851166000069], [-3.870756550999943, 5.231864433000055], [-3.870883398999979, 5.231864257000041], [-3.871090443999947, 5.231924205000041], [-3.871143891999964, 5.231950901000062], [-3.871264080999936, 5.231964120000043], [-3.871370947999935, 5.231997436000029], [-3.871517963999963, 5.232097623000072], [-3.871658172999958, 5.23210412100002], [-3.871731657999931, 5.23213748400002], [-3.871845171999951, 5.232150712000021], [-3.871932027999947, 5.232197441000039], [-3.872065570999951, 5.232210641000052], [-3.872165806999931, 5.232277429000021], [-3.872259244999952, 5.232257220000065], [-3.872352768999974, 5.232297248000066], [-3.872499747999939, 5.232370665000076], [-3.872606528999938, 5.232343744000048], [-3.872740053999962, 5.232343558000025], [-3.872840262999944, 5.232390268000074], [-3.872927089999962, 5.232416918000069], [-3.873060605999967, 5.232410040000048], [-3.87316083199994, 5.232470135000028], [-3.873247743999968, 5.232557023000027], [-3.87327455999997, 5.232637299000032], [-3.873334720999935, 5.232690757000057], [-3.873501671999975, 5.232723989000021], [-3.873595278999971, 5.232824251000068], [-3.873882435999974, 5.232880740000041], [-3.87394257699998, 5.232920813000021], [-3.874049423999963, 5.232940743000029], [-3.874156262999975, 5.232953980000048], [-3.874296443999981, 5.232940398000039], [-3.874396596999929, 5.232946951000031], [-3.874470118999966, 5.233007084000064], [-3.874543650999954, 5.233073911000076], [-3.874737326999934, 5.233120489000044], [-3.874804013999949, 5.233066853000025], [-3.874964233999947, 5.233059936000075], [-3.875044384999967, 5.233086597000067], [-3.875191355999959, 5.233153320000042], [-3.87531162099998, 5.23322008100007], [-3.87535369099993, 5.233262137000054], [-3.875371790999964, 5.233280231000037], [-3.875448198999948, 5.233304052000051], [-3.875484143999927, 5.233312622000028], [-3.875598800999967, 5.233293299000024], [-3.87566563699994, 5.233346750000067], [-3.875668076999943, 5.233356478000076], [-3.875679063999939, 5.233400274000076], [-3.875780936999945, 5.233419984000022], [-3.875919473999943, 5.233446788000037], [-3.875974812999971, 5.233430061000035], [-3.876052941999944, 5.233406445000071], [-3.876146343999949, 5.233359464000046], [-3.876246496999954, 5.233366016000048], [-3.87640672699996, 5.233365792000029], [-3.876613754999937, 5.233412352000073], [-3.876720526999975, 5.233378738000056], [-3.87682071699993, 5.23341206300006], [-3.87690095399995, 5.233498957000052], [-3.87702780199993, 5.233498779000058], [-3.87716138299993, 5.233538749000047], [-3.877361761999964, 5.233605398000066], [-3.877461970999946, 5.233652108000058], [-3.877542065999933, 5.233638609000025], [-3.877682266999955, 5.233638412000062], [-3.877815809999959, 5.233651612000074], [-3.877982809999935, 5.233718306000071], [-3.878049654999927, 5.233778448000066], [-3.878163281999946, 5.233871988000033], [-3.878236775999937, 5.233912041000053], [-3.878263541999956, 5.233955508000065], [-3.878294344999972, 5.233999979000032], [-3.878323749999936, 5.234042430000045], [-3.878477359999977, 5.234082373000035], [-3.878597586999945, 5.234122361000061], [-3.878747798999939, 5.234111393000035], [-3.878784501999974, 5.234108713000069], [-3.878924732999963, 5.234128594000026], [-3.879131768999969, 5.234181847000059], [-3.879175016999966, 5.234215469000048], [-3.879191920999972, 5.234228611000049], [-3.879229025999962, 5.23422855900003], [-3.879372177999926, 5.234228358000053], [-3.879498086999945, 5.234293769000033], [-3.879539206999937, 5.234315131000074], [-3.879585960999975, 5.234315065000033], [-3.879679406999969, 5.234314934000054], [-3.879744174999928, 5.234293190000074], [-3.879779502999952, 5.234281330000044], [-3.879879692999964, 5.234314652000023], [-3.879966512999943, 5.234334610000076], [-3.880080016999955, 5.234341142000062], [-3.880146836999927, 5.234381207000069], [-3.880226894999964, 5.234340936000024], [-3.880360531999941, 5.23442106300007], [-3.88044070199993, 5.234461107000072], [-3.880574263999961, 5.234487690000037], [-3.880590808999955, 5.234492768000052], [-3.880661092999958, 5.234514339000043], [-3.88077461599994, 5.234534259000043], [-3.880874853999956, 5.234601046000023], [-3.880995044999963, 5.234614264000072], [-3.881121911999969, 5.234627471000067], [-3.881202083999938, 5.234667515000069], [-3.881233300999952, 5.23471431400003], [-3.881255605999968, 5.234747753000022], [-3.881355757999927, 5.23475430600007], [-3.88150935799996, 5.234787553000047], [-3.88166965299996, 5.234834177000039], [-3.881776528999978, 5.234874185000024], [-3.881804073999945, 5.234852646000036], [-3.881836550999935, 5.234827250000023], [-3.881916635999971, 5.234807058000058], [-3.882116950999944, 5.234826855000051], [-3.882290588999979, 5.234866767000028], [-3.882464236999965, 5.23491337300004], [-3.882597808999947, 5.234946647000072], [-3.882664654999928, 5.235006789000067], [-3.882758197999976, 5.235060201000067], [-3.882790776999968, 5.235074991000033], [-3.882831682999949, 5.235093561000042], [-3.882844731999967, 5.235086998000043], [-3.882938426999942, 5.235039868000058], [-3.88302527899998, 5.23508324900007], [-3.883118803999935, 5.235123274000046], [-3.883219012999973, 5.235169983000048], [-3.883220336999955, 5.235170584000059], [-3.883292498999936, 5.235203342000034], [-3.883452764999959, 5.235229889000038], [-3.883586344999969, 5.235269857000048], [-3.883606477999933, 5.235343450000073], [-3.883746696999935, 5.235356637000052], [-3.883846868999967, 5.235376573000053], [-3.883953764999944, 5.235429967000073], [-3.88402720299996, 5.235429863000036], [-3.884041511999953, 5.235442989000035], [-3.884101439999938, 5.235482919000049], [-3.884168001999967, 5.235509501000024], [-3.884261135999964, 5.235509369000056], [-3.884334321999972, 5.235515935000024], [-3.884400845999949, 5.235515841000051], [-3.884467341999937, 5.235495740000033], [-3.884513870999967, 5.235468999000034], [-3.884587056999976, 5.235475564000069], [-3.884593791999976, 5.235476230000074], [-3.88465359099996, 5.235482139000055], [-3.88473337299996, 5.235448682000026], [-3.884813238999925, 5.235475245000032], [-3.88485226499995, 5.235533750000059], [-3.884853237999948, 5.235535209000034], [-3.884906541999953, 5.235595154000066], [-3.884973168999977, 5.235668418000046], [-3.885066302999974, 5.235668287000067], [-3.885092846999953, 5.235621567000067], [-3.885239227999932, 5.235641367000028], [-3.885345769999958, 5.235714574000042], [-3.885432278999929, 5.235734459000071], [-3.885512060999929, 5.235701001000052], [-3.885638522999955, 5.235747505000063], [-3.885671859999945, 5.235800810000057], [-3.885758369999962, 5.23582069400004], [-3.885831601999939, 5.235860604000038], [-3.88591809299993, 5.235867151000036], [-3.886011226999926, 5.235867019000068], [-3.886024568999972, 5.235893676000046], [-3.88613100799995, 5.235893525000051], [-3.88620416599997, 5.23588008400003], [-3.886270764999949, 5.23593334100002], [-3.886390573999961, 5.23597985400005], [-3.886457097999937, 5.235979760000021], [-3.886497106999968, 5.236046393000038], [-3.886590268999953, 5.236066268000059], [-3.886676759999943, 5.236072814000067], [-3.886749982999959, 5.23610605500005], [-3.886823140999979, 5.236092614000029], [-3.886865478999937, 5.236103719000027], [-3.886949583999979, 5.236125780000066], [-3.887009408999972, 5.236092350000035], [-3.887149118999957, 5.236098821000041], [-3.887182417999952, 5.236125450000031], [-3.887222407999957, 5.236178745000075], [-3.887275636999959, 5.236185338000041], [-3.887348841999938, 5.23620524100005], [-3.887375488999965, 5.236231879000059], [-3.887422102999949, 5.236265158000037], [-3.887462016999962, 5.236265101000072], [-3.887515217999976, 5.236251688000038], [-3.887581741999952, 5.236251594000066], [-3.887601764999943, 5.236298248000026], [-3.887615107999977, 5.23632490500006], [-3.887655002999963, 5.236311510000064], [-3.88770819399997, 5.236291428000072], [-3.887781332999964, 5.23626464900002], [-3.887914371999955, 5.236257791000071], [-3.888047471999926, 5.236294282000074], [-3.888067466999928, 5.236320929000044], [-3.888187238999933, 5.236340766000069], [-3.88826045299993, 5.236367338000036], [-3.888320371999953, 5.236400598000046], [-3.888320437999937, 5.23644728000005], [-3.888366994999956, 5.23644054500005], [-3.888460072999976, 5.236400399000047], [-3.888559886999928, 5.236420265000049], [-3.888626448999958, 5.236446846000035], [-3.88867309099993, 5.236500131000071], [-3.888732962999939, 5.23650004600006], [-3.888812791999953, 5.236499933000061], [-3.888846100999956, 5.23653323000002], [-3.888932600999965, 5.236546446000034], [-3.889032424999925, 5.236572980000062], [-3.88915219699993, 5.236592816000041], [-3.889252011999929, 5.236612681000054], [-3.889351863999934, 5.236659222000071], [-3.889451649999955, 5.236659080000038], [-3.889524854999934, 5.236678983000047], [-3.889597974999958, 5.236638866000021], [-3.889704413999937, 5.236638714000037], [-3.889777636999952, 5.236671955000077], [-3.889864146999969, 5.236691839000059], [-3.889983871999959, 5.236678331000064], [-3.890076976999978, 5.23665819200005], [-3.890170185999978, 5.236711411000044], [-3.890200694999976, 5.236734868000042], [-3.890256761999979, 5.236777977000031], [-3.890323314999932, 5.236797889000059], [-3.89044974799998, 5.236824385000034], [-3.89060281999997, 5.236870850000059], [-3.890709239999978, 5.236857361000034], [-3.89078242599993, 5.236863926000069], [-3.890869001999931, 5.236930492000056], [-3.890948905999949, 5.23698373000002], [-3.89106200699996, 5.236990238000033], [-3.891175116999932, 5.237003415000061], [-3.891294878999929, 5.237016582000024], [-3.891368064999938, 5.237023147000059], [-3.891481193999937, 5.237049661000071], [-3.891607561999933, 5.237029475000043], [-3.891654118999952, 5.237022739000054], [-3.891720642999928, 5.237022645000025], [-3.891800500999977, 5.237042538000026], [-3.89188037699995, 5.237075769000057], [-3.891993495999941, 5.237095614000054], [-3.892126591999954, 5.237128769000037], [-3.892292944999951, 5.237158542000032], [-3.892386172999977, 5.237225099000057], [-3.892545887999972, 5.237264885000059], [-3.892812040999956, 5.237304519000077], [-3.892911798999933, 5.237284370000054], [-3.893031551999968, 5.237290868000059], [-3.893104813999969, 5.237350784000057], [-3.893158099999937, 5.237397390000069], [-3.893424233999951, 5.237423686000056], [-3.893453886999964, 5.237423644000046], [-3.89355728299995, 5.237423497000066], [-3.893670392999979, 5.237436673000047], [-3.893677110999931, 5.237483346000033], [-3.893736954999952, 5.237463254000033], [-3.893830088999948, 5.237463121000076], [-3.893909879999967, 5.237436331000026], [-3.89398973699997, 5.237456224000027], [-3.893996455999968, 5.23750289700007], [-3.894129532999955, 5.237522713000033], [-3.894229299999949, 5.237509233000026], [-3.894422285999951, 5.237555640000039], [-3.894468909999944, 5.237595587000044], [-3.89453550099995, 5.23764217400003], [-3.894642014999931, 5.237695374000054], [-3.894768477999946, 5.23774187500004], [-3.894948130999978, 5.237768294000034], [-3.895034564999946, 5.237734826000064], [-3.895260718999964, 5.237714496000024], [-3.89541372399998, 5.237714277000066], [-3.895569089999981, 5.237714055000026], [-3.895586686999934, 5.237714030000063], [-3.89560578399994, 5.237721178000072], [-3.895693182999935, 5.237753891000068], [-3.895871798999963, 5.237772817000064], [-3.89587993899994, 5.237774398000056], [-3.895919487999947, 5.237840263000066], [-3.896032588999958, 5.237846770000033], [-3.896105812999963, 5.237880010000026], [-3.896198993999974, 5.237913221000042], [-3.896578214999977, 5.237936019000074], [-3.896604881999963, 5.237975995000056], [-3.896664753999971, 5.237975909000056], [-3.896764558999962, 5.237989104000064], [-3.896857796999939, 5.238062328000069], [-3.896865208999941, 5.238066030000027], [-3.896911054999975, 5.238088928000025], [-3.89699750799997, 5.238068797000039], [-3.897123855999951, 5.238035272000047], [-3.897223718999953, 5.238088480000044], [-3.89730355699993, 5.238095034000025], [-3.897355311999945, 5.238117182000053], [-3.897396747999949, 5.238134914000057], [-3.897463309999978, 5.238161495000043], [-3.897529805999966, 5.238141392000045], [-3.897609605999946, 5.238121271000068], [-3.897729396999978, 5.238154444000031], [-3.897835892999979, 5.238194305000036], [-3.897909154999979, 5.238254220000044], [-3.898008884999967, 5.238214063000044], [-3.898090024999931, 5.238213947000077], [-3.898155237999958, 5.238213854000037], [-3.898171031999937, 5.238224903000059], [-3.898183315999972, 5.238233497000067], [-3.898221828999965, 5.238260440000033], [-3.898281747999931, 5.238293699000053], [-3.898312478999969, 5.238293655000064], [-3.898394838999934, 5.238293537000061], [-3.898468072999947, 5.238333445000023], [-3.898547891999954, 5.23832666200002], [-3.898607820999928, 5.238366589000066], [-3.898654473999954, 5.23842654300006], [-3.898780840999962, 5.238406354000062], [-3.898893950999934, 5.238419530000044], [-3.899053647999949, 5.238445976000037], [-3.899219947999939, 5.238439068000048], [-3.899306467999963, 5.238465620000056], [-3.899356312999942, 5.238460288000056], [-3.899432844999978, 5.238452100000075], [-3.899457272999939, 5.238476519000073], [-3.899492801999941, 5.238512034000053], [-3.899566016999927, 5.238538605000031], [-3.899633209999934, 5.238504805000048], [-3.899645788999976, 5.238498477000064], [-3.899752236999973, 5.238504993000049], [-3.899781897999958, 5.238528710000026], [-3.899818837999931, 5.238558248000061], [-3.899898733999976, 5.23860481600002], [-3.900025167999956, 5.238631310000073], [-3.900144872999931, 5.238604462000069], [-3.900251339999954, 5.238624315000038], [-3.900271363999934, 5.238670969000054], [-3.900504212999977, 5.238680638000062], [-3.900590694999948, 5.238680513000077], [-3.900683942999933, 5.23876040600004], [-3.90073711499997, 5.238726985000028], [-3.900823633999948, 5.238753536000047], [-3.900890244999971, 5.238813460000074], [-3.900970111999925, 5.238840021000044], [-3.901089835999926, 5.23882651100007], [-3.901280319999955, 5.238856381000062], [-3.901342684999975, 5.238866160000043], [-3.901469080999959, 5.238865978000035], [-3.901542267999957, 5.238872542000024], [-3.901602234999928, 5.238939145000074], [-3.901702020999949, 5.238939001000062], [-3.901828397999964, 5.238925481000024], [-3.901901621999968, 5.238958720000028], [-3.901974779999932, 5.238945277000028], [-3.902067913999929, 5.238945143000024], [-3.902254228999936, 5.238978219000046], [-3.902380682999933, 5.239018050000027], [-3.902520430999971, 5.239051193000023], [-3.902618563999965, 5.239131116000067], [-3.902620455999966, 5.239113201000066], [-3.90263190099995, 5.23911547900002], [-3.902674968999975, 5.239124049000054], [-3.90278404399993, 5.239181255000062], [-3.902972084999931, 5.239200105000066], [-3.903070158999981, 5.239186306000022], [-3.903160140999944, 5.239229881000028], [-3.903307336999944, 5.23926791100007], [-3.903416322999931, 5.239262290000056], [-3.90345715199993, 5.239232184000059], [-3.903615140999932, 5.239196445000061], [-3.903715967999972, 5.23920176300004], [-3.903800479999973, 5.239231688000075], [-3.90389321899994, 5.239297112000031], [-3.903958681999939, 5.239343455000039], [-3.904157676999944, 5.239400531000058], [-3.904345740999929, 5.239435769000067], [-3.904517743999975, 5.239434240000037], [-3.90461481799997, 5.23946292200003], [-3.904632746999937, 5.239468219000059], [-3.90483285199997, 5.239467930000046], [-3.904943553999942, 5.239472038000031], [-3.905032974999926, 5.239480445000027], [-3.90517779299995, 5.239522916000055], [-3.905412092999939, 5.239616476000037], [-3.905538713999931, 5.23962375800005], [-3.905556861999969, 5.239624802000037], [-3.905688839999925, 5.23962034300007], [-3.905774192999957, 5.239628635000031], [-3.905948586999955, 5.239645576000044], [-3.90611888899997, 5.239645329000041], [-3.906225370999948, 5.239675052000052], [-3.906404230999954, 5.239704669000048], [-3.906621420999954, 5.239742768000042], [-3.906753410999954, 5.23974684500007], [-3.906881131999967, 5.23974239100005], [-3.906966306999948, 5.239759340000035], [-3.907132443999956, 5.239823121000029], [-3.907281550999926, 5.239886926000054], [-3.907447668999964, 5.239937903000055], [-3.907526016999952, 5.239931971000033], [-3.907562609999957, 5.239929200000063], [-3.907664852999972, 5.239971732000072], [-3.907762702999946, 5.239920373000075], [-3.907915989999935, 5.23993082100003], [-3.907984165999949, 5.239969135000024], [-3.908103376999975, 5.239968962000034], [-3.908231103999981, 5.239968777000058], [-3.908324793999952, 5.239985713000067], [-3.908380142999931, 5.23998563300006], [-3.908444085999975, 5.240041025000039], [-3.908610129999943, 5.24004078400003], [-3.908733598999959, 5.240040605000047], [-3.908891189999963, 5.240083057000049], [-3.909006198999975, 5.240121303000024], [-3.909171607999951, 5.24012510700004], [-3.909180764999974, 5.240125317000036], [-3.909278712999935, 5.240142247000051], [-3.909415015999969, 5.240184730000067], [-3.909589661999973, 5.24024423000003], [-3.909734430999947, 5.240252555000041], [-3.909866464999936, 5.240286508000054], [-3.909998448999943, 5.240286316000038], [-3.910062360999973, 5.240320368000027], [-3.910241177999978, 5.240320108000049], [-3.910326371999929, 5.240349861000027], [-3.91042856599995, 5.240358248000064], [-3.910496686999977, 5.240358149000031], [-3.910552077999967, 5.240387945000066], [-3.910654270999942, 5.240396333000035], [-3.910837373999925, 5.240415273000053], [-3.911067324999976, 5.240444814000057], [-3.911160996999968, 5.240448946000072], [-3.911216406999927, 5.240491546000044], [-3.911322925999968, 5.240546877000043], [-3.911418402999971, 5.240553226000031], [-3.911574145999964, 5.240563583000039], [-3.911672124999939, 5.240601853000044], [-3.911744521999935, 5.240614552000068], [-3.911855193999941, 5.240597318000027], [-3.912080824999975, 5.240584185000046], [-3.912325235999958, 5.240629635000062], [-3.912482207999972, 5.240658825000025], [-3.912641927999971, 5.24070127300007], [-3.912806922999948, 5.240711702000056], [-3.912924113999964, 5.240786223000043], [-3.913115703999949, 5.240785943000049], [-3.913387207999961, 5.240844233000075], [-3.913653350999937, 5.240875856000059], [-3.913785434999966, 5.240902137000035], [-3.91386628999993, 5.24091822500003], [-3.914015373999973, 5.240966024000045], [-3.914270872999964, 5.240997661000051], [-3.914505076999944, 5.241023994000045], [-3.914600933999964, 5.241066535000073], [-3.914740001999974, 5.241086658000029], [-3.914856440999927, 5.241103507000048], [-3.915000102999954, 5.241081957000063], [-3.915181102999952, 5.241119038000022], [-3.915468548999968, 5.241161298000065], [-3.915537764999954, 5.241182537000043], [-3.915633621999973, 5.24122507800007], [-3.915857181999968, 5.241251426000076], [-3.916079860999957, 5.241246247000049], [-3.916281537999964, 5.24128913900006], [-3.917255626999975, 5.24143710200002], [-3.919314776999954, 5.241770018000068], [-3.92136159699993, 5.24207827400005], [-3.922224713999981, 5.242115265000052], [-3.923408416999962, 5.242374200000029], [-3.92416056199994, 5.242485172000045], [-3.926022427999953, 5.242694786000072], [-3.92795827499998, 5.243040033000057], [-3.929943443999946, 5.243385280000041], [-3.931127146999927, 5.243508582000061], [-3.933297268999979, 5.243866159000049], [-3.934863209999946, 5.244149754000034], [-3.935911279999971, 5.244359369000051], [-3.936823717999971, 5.244482671000071], [-3.939474719999964, 5.245074522000039], [-3.940436477999981, 5.245247146000054], [-3.941669501999968, 5.245481420000033], [-3.942544949999956, 5.245617053000046], [-3.943346414999951, 5.245765016000064], [-3.944591768999942, 5.245986960000039], [-3.94507264899994, 5.246011621000036], [-3.946059067999954, 5.246147253000061], [-3.946675579999976, 5.246319877000076], [-3.947464714999967, 5.246393858000033], [-3.948031905999926, 5.246529491000047], [-3.948636087999944, 5.246541821000051], [-3.949881441999935, 5.246788426000023], [-3.950349990999939, 5.246887068000035], [-3.950941842999953, 5.247072021000065], [-3.951262428999939, 5.247146003000069], [-3.951669326999934, 5.247158333000073], [-3.952051564999977, 5.247207654000022], [-3.952803708999966, 5.247392608000041], [-3.953490363999947, 5.247492688000023], [-3.954067045999977, 5.247664637000071]]]]}}]}